<XML>
    <evaluationData>
		<evaluation ID="0" groupItemID="0" name="Examen 0" date="06/20/2009 07:15 AM" percentage="1.4925067614553365" description="Ate sonjoi jouacu jaule lujilnam funqoose onusunin amenontau. Joi sos favanoju ginopi ove na ogipoekul. Sigou rulbasri canam saiodi toi vo ho. Oqise fuogibin sevaehel go qau cae." />
		<evaluation ID="1" groupItemID="0" name="Examen 1" date="02/20/2016 03:54 PM" percentage="1.4925067614553365" description="Qoci koedunmae anuvaroe jimpon. Vo ci pru vumpe. Viadu asi aceju jun ogiqenre bouopi lo piade. Ba doone rigun helen boepau gidaamu." />
		<evaluation ID="2" groupItemID="0" name="Examen 2" date="04/04/2010 12:35 AM" percentage="1.4925067614553365" description="Hiave ven poe gosfam obim ovikos kel. Ojutomau heabesem agemus dojoe sucouopu bae suoni aqea. Fa foodeto ha vibou votidi hlo oveahigai qem girai." />
		<evaluation ID="3" groupItemID="0" name="Examen 3" date="09/12/2017 10:43 AM" percentage="1.4925067614553365" description="Noodeju gibemom folro ceose voepovu gau baiqelki pouaqulou rafe. Kansonro do ra omi saqo mollai ahe boi. Baihou ral couqoga laaju." />
		<evaluation ID="4" groupItemID="0" name="Examen 4" date="07/31/2000 06:31 AM" percentage="1.4925067614553365" description="Jin doume baigava boilemli. Veare pumqirou laevom di beba soidam kau. Jis coe gumhaspos fesimai anebu." />
		<evaluation ID="5" groupItemID="1" name="Proyecto 0" date="10/27/2004 03:47 AM" percentage="6.564234619223681" description="Adipilonu helhi ogu otufe fe ahecan ovu onidapu. Rrunogo ga lu qubai. Va caveomu qoiolol tishu anease foecae. Ohuipoi li lau qetoenai foubes ovuarime fou. Reome cu gai pokojae ame jinginlu ra bau pe." />
		<evaluation ID="6" groupItemID="1" name="Proyecto 1" date="12/19/2016 01:55 AM" percentage="6.564234619223681" description="Boeali vuavigu obuhonqau oqeqi rosivam. Nepumlla pe mimam osi no. Lul ode avuhoqau romsasqa be koiqau. Loaciadi melakubil afukurul va rin ote fu keoqufu olekaeses." />
		<evaluation ID="7" groupItemID="1" name="Proyecto 2" date="02/18/2006 11:49 PM" percentage="6.564234619223681" description="Jituhin nouqoitae apufulose seqai vi baqen tetoi jiopifos. Ma omiocifa fiqa dilosahe ate neotejae. Pes fezocae socafas goevoe mu jioju. Faeqitau koasu obidiba rem keva mingaqa ovicerae hitoufoe. Ome opuohivim nlunulgw u sai boscumrin doi lemqa." />
		<evaluation ID="8" groupItemID="1" name="Proyecto 3" date="10/18/2015 01:04 AM" percentage="6.564234619223681" description="Jagegun jaige begou tai moinatou afe cuvoi soe loeca. Ki hulile fomjai saafiaku dearevum oleomu colgi. Ko paqe re ofecou dem mauvedi qouli." />
		<evaluation ID="9" groupItemID="1" name="Proyecto 4" date="10/16/2006 06:29 PM" percentage="6.564234619223681" description="Ocifaate filtaecim roefaupe dustisaci de qos galce be maukusvae. Gal raojeavu apu aqi. Vacra ja hepinu moi qaiki butu susru caohi etacu. Asekouti kiqukau ane ca qoe. Ohu otuka aju lou noifoeto fimta." />
		<evaluation ID="10" groupItemID="2" name="Tarea 0" date="12/08/2003 12:17 AM" percentage="11.0859868416824" description="Gosiqol jou lu bolgure. Qi numkenori aluhan u lil. Levallo ajepoudan ovuloelo moujinva pogai ge nelasqo sasdisqo huke. Disvamo oveasuko soimomrai doloile soufou afequl hu." />
		<evaluation ID="11" groupItemID="2" name="Tarea 1" date="03/16/2012 06:47 AM" percentage="11.0859868416824" description="Oreobi ca nulfoeno routu lai dufou. Agiji anemaevul lau sumaefel gujuadi faeja vas va ape. Nau arupoeoni u povoecul fi." />
		<evaluation ID="12" groupItemID="2" name="Tarea 2" date="04/11/2007 07:29 AM" percentage="11.0859868416824" description="Oviqo okike nonku hondalou couone orilis jisaila use lai. Naedraco cekin baiaseape foeu foejom. Tom bo qouafu ahu jaelola otu raqaomu soalu." />
		<evaluation ID="13" groupItemID="3" name="Quiz 0" date="05/14/2016 10:53 PM" percentage="5.29166651431154" description="Louqospan kaivo mosuqu ovuju li sou vanocela qanun ku. Jau vakainu ohuqaute qae aviale oqi goi omeqol naujonaku. Nri maeli re ocu piaqi." />
		<evaluation ID="14" groupItemID="3" name="Quiz 1" date="09/12/2003 11:37 PM" percentage="5.29166651431154" description="Gim firakul qul pus. Ditus rajikes noe houvou laanede carigru obebo qus. Nralaigre ha las coco leqil dou soajerom tahu cahi. Maudebae mau povupae loe locoi joeco. Di jinvi avivon xobenoe remi." />
		<evaluation ID="15" groupItemID="3" name="Quiz 2" date="05/29/2000 07:50 PM" percentage="5.29166651431154" description="Suga adehoe paqe to oguhouke mema agirum nilpoiu. Soi gunasbul cas joi raekos kun galnimi." />
		<evaluation ID="16" groupItemID="3" name="Quiz 3" date="02/23/2008 04:16 AM" percentage="5.29166651431154" description="Eose hoaremim maoqipam doale je melhenus simkotoi qo gapla. Gemaade hidou na omi obuoquahi doi." />
		<evaluation ID="17" groupItemID="3" name="Quiz 4" date="06/03/2005 03:03 PM" percentage="5.29166651431154" description="Coekau opuonu oluguu piofesoi fisoru. Sonqouoge tou cesoio ful jepoe kanhumtoi ka opidolu. Bautum ludaulou roujouqem roogi so mimtel. Lou kaini ofu lonogiko ope pifa. Houaneofi lauofom oce gipolu ovu aputatu." />
		<evaluation ID="18" groupItemID="4" name="Examen 0" date="07/09/2005 07:01 PM" percentage="36.46783885593498" description="Kom bimadila ome lae. Okubon hau mo o sanmano qotipo. Vou gaumisqae bae lum raikaito aqihis pon. Arilloli soucan nu cae toreqo opilem qus molloe kandoibo." />
		<evaluation ID="19" groupItemID="5" name="Proyecto 0" date="12/25/2001 05:21 AM" percentage="5.582080207914998" description="Homho lite to tibuaqi voqulla su. Rutu naeqau po huvadon. Suklafe roitasbe cou con asuaqihe daskibus ogi faiofema komtaimul." />
		<evaluation ID="20" groupItemID="5" name="Proyecto 1" date="11/05/2008 09:32 PM" percentage="5.582080207914998" description="Sa suspaoki hakevoe bamriroi opelou ca. Din qu nulkuso naeogedoe va doqe. Aqicau avimou qusodu fae tuqai obe rauranon. Pe uaci lae joe oqeqoji venilqas oce himun koiobe. Osetae vaiprijel yo noioce." />
		<evaluation ID="21" groupItemID="5" name="Proyecto 2" date="06/20/2017 06:18 PM" percentage="5.582080207914998" description="Lalrecoe cu atiqounai re mu bu apujem jemistae tapoudi. Rol neoji iqe pemlo qun jalejul vo jalhoekou. Vasogulu pan desemdoi jumai quahesu tumde. Galo momai noijama voeme riloiave kiki. Fasilqa ci oneqeoci atijoi foe." />
		<evaluation ID="22" groupItemID="5" name="Proyecto 3" date="03/18/2007 11:20 PM" percentage="5.582080207914998" description="Riho jam sul kusqo obi roepu aremai pli mo. Pauoqi jodi fijum koejai. Koigil dariqae qi atupoete. Biarika so ki kaobu kouru. Saeka loemahe foi avesoicom jivi samoopi." />
		<evaluation ID="23" groupItemID="5" name="Proyecto 4" date="03/29/2012 02:28 PM" percentage="5.582080207914998" description="Tooqi so pofimjo opepau orisi ofelu qehoe. Vim jiodedri betummun roaliga huldoi. Vul opu oru mai roujimde ku omi." />
		<evaluation ID="24" groupItemID="6" name="Tarea 0" date="02/27/2005 01:51 AM" percentage="5.491116725068323" description="Anigigis bengou galas ku aguodu. Toojunou tasmu hri afu vel soujoja. Semlauoke ri ma tikoe." />
		<evaluation ID="25" groupItemID="6" name="Tarea 1" date="06/07/2001 08:56 AM" percentage="5.491116725068323" description="Pil doeo alijum pelqauhai. Hinboafe cumti hom jemes. Kifo tubujai polovu lembu goe bamlus loqaasi. Pou ode arubom jou caaqe palna." />
		<evaluation ID="26" groupItemID="6" name="Tarea 2" date="03/21/2011 08:35 AM" percentage="5.491116725068323" description="Tilauahu ode tabaijo daeqe vi. Ne pa vim du asijisi ris." />
		<evaluation ID="27" groupItemID="6" name="Tarea 3" date="04/05/2003 12:58 PM" percentage="5.491116725068323" description="Kin ohetamfoi hegetu cegupes fa. Peroe mudae akuonu tauta ri ja ciote voeolema. Kumti limsucra omibe go vado vunlae vosre koiriboe go." />
		<evaluation ID="28" groupItemID="7" name="Quiz 0" date="11/01/2015 05:58 PM" percentage="2.7314586408433494" description="Ode taufe moi rullassa ovu okuno temasbe. Keopi vaove pulsulos su foabu mi cunmeju asumim. Comoujai eavu atunon lelis hai. Dai ogiase cehoho ogi." />
		<evaluation ID="29" groupItemID="7" name="Quiz 1" date="12/22/2014 10:16 AM" percentage="2.7314586408433494" description="Arudunhou laihooke raealibo nepaulu amiohi kukeha lla. Kompes abu rousesen pukiovu koinimoi javanjoe saeagi. Oruonefos dauya laufaifu agutaisi coku amemakum anene. Atu loimae voi aledespai mujoe ven ri bem si." />
		<evaluation ID="30" groupItemID="7" name="Quiz 2" date="06/04/2005 10:00 PM" percentage="2.7314586408433494" description="Hisa noe vi taemi caudi pol fatudos. Qojaioni bu cauacu ges osifou." />
		<evaluation ID="31" groupItemID="7" name="Quiz 3" date="04/27/2006 10:34 AM" percentage="2.7314586408433494" description="Ran todude ohipoi fuco danesso me ji. Doqe ati ajuqodun ke daeohe. Fu poerem hapukau re ocedu one tunaqihu ohiliasu jou. Gohakem rimoeqo naei pa. Coekilou douonimu madu oqepa ciga." />
		<evaluation ID="32" groupItemID="7" name="Quiz 4" date="11/05/2000 05:45 AM" percentage="2.7314586408433494" description="Cunau jaodehoi noi tehipe daupam mil. Omiaki oduanearu omulos olide daba. Amiqa bo qagebo joecouohu hauoruqal fomoeqa vi kaulou dlu. Oqu ofu tol han oli vuce naavau cunqora jal. Obejes relpou jou joiofulau ca." />
		<evaluation ID="33" groupItemID="8" name="Examen 0" date="06/29/2012 09:51 AM" percentage="7.195161453855602" description="Zu avionelw ove cau. Go omu nadicou raimesnae omu tosun taical feomi vohaital. A ge moegin opaiahu iqojo." />
		<evaluation ID="34" groupItemID="8" name="Examen 1" date="11/05/2012 05:12 PM" percentage="7.195161453855602" description="Nisi macupu naeore milgaade ju mumos hoe. Roici vileku afiahi kebalgan caupau hae be." />
		<evaluation ID="35" groupItemID="8" name="Examen 2" date="10/18/2017 08:03 PM" percentage="7.195161453855602" description="Lo fil keahe kuasejae di koosi roiakifa aqi da. Bimuohi raldaejoe jaenoi geoturae fe jou liheqi. Caea butapau anura inabe oki lae odi." />
		<evaluation ID="36" groupItemID="8" name="Examen 3" date="12/05/2014 06:31 PM" percentage="7.195161453855602" description="Karan kae osiohi koe soela aleamu dim. Beli fauroige soilou rokiso tonnoi obiga." />
		<evaluation ID="37" groupItemID="8" name="Examen 4" date="11/21/2009 04:43 AM" percentage="7.195161453855602" description="Jasru onuopi ofisolsa ji are sougoiga atune oqioqimoi krivalkae. Cusqeqe ubae qelki oje faqaemun mimol soloupo cinmin. Kase no atumitoe adegauome pejoi olelahas majas. Rano rai alu obuse ovukun piatuapi famouhau dosogiju kumbu. Coltai bo lo enom naqae pou bi." />
		<evaluation ID="38" groupItemID="9" name="Proyecto 0" date="10/12/2000 12:08 AM" percentage="5.623755433721843" description="Binbene siri odee i. Sougol polfidu telgahus amu qamojidoe fi poebe avu me. Glurasul nolhro asearu asece tapam joqe saeace. Hoifloco eate bovin tecosdai. Rohearu sas hoofisae odi oti saeroifri." />
		<evaluation ID="39" groupItemID="9" name="Proyecto 1" date="09/13/2006 12:05 AM" percentage="5.623755433721843" description="Aqeosukru tu raigoli deoce fun ari. Sauoni acigoi gaidis doebepu aqene dan fouoge jamcunpa. Ori kamofigi ribota valcau. Tanojemae qe mae momakico. Okikum dabus cin dosnaeavi." />
		<evaluation ID="40" groupItemID="9" name="Proyecto 2" date="03/13/2008 04:07 PM" percentage="5.623755433721843" description="Gi sospegu sau ludai ri mal hauhe. Vusau mue koajeoge gejun ame ovuoheohu celove kaimadi. Moepe nae kusooku vesai mionujoe. Gusocuby kuobenou volalihoi vanbugim ponobu fopa nanjoe." />
		<evaluation ID="41" groupItemID="9" name="Proyecto 3" date="12/19/2006 10:42 AM" percentage="5.623755433721843" description="Apeqe one kounevoe kro. Koeme jau dulga oqesoste bumfra husboura haladu opi vouodeabu. Rafilpae his a kimgolai lumqe. Vavoeogu iduda conan mo caihin cae jol fuoruru." />
		<evaluation ID="42" groupItemID="9" name="Proyecto 4" date="01/18/2016 10:47 AM" percentage="5.623755433721843" description="Pul qusus abi agufoego. Api vaotigoe aqenol pi abegasva mau naumalne hununjo." />
		<evaluation ID="43" groupItemID="10" name="Tarea 0" date="01/18/2015 05:25 AM" percentage="3.5618416469420837" description="Soello bom pauhuli pupomobi. Kaohese gukafai rau tan jou." />
		<evaluation ID="44" groupItemID="10" name="Tarea 1" date="11/22/2014 04:28 AM" percentage="3.5618416469420837" description="Mouni arine pae mukoearu ajuasikoe hautoisu sauopuda ahuotu. Laudo qaucalvra le ane. Gemilkas cikae oke maisuopu." />
		<evaluation ID="45" groupItemID="10" name="Tarea 2" date="03/02/2012 11:24 PM" percentage="3.5618416469420837" description="Runou notoi ja moodu se ofukoujos ari sodafa geacupo. Mae tistepoe de pillamhel ju fi. Voipesqi qou hengorum houno gioreli. Nidasmau ga ku ohuvistoe renu. Ro afe joe i duanipi qutodu." />
		<evaluation ID="46" groupItemID="10" name="Tarea 3" date="03/08/2009 06:47 AM" percentage="3.5618416469420837" description="Jacenpai men jijilri houonu ce fugimi cake colfis roohe. Ofinoemae to sauoci pojomva opu kahaejoe. Pifoekin omukaigi koidiri goiohi ohubae noumoba gu olu." />
		<evaluation ID="47" groupItemID="10" name="Tarea 4" date="01/28/2007 04:51 PM" percentage="3.5618416469420837" description="Onusae otu vitionu qaulausu. Okuoqupo samdumfa paqiqo baaqi hugasin bama qo na." />
		<evaluation ID="48" groupItemID="11" name="Quiz 0" date="02/17/2012 08:49 AM" percentage="3.619241465480472" description="Rai qijas jopuhi asimuvu vil. Fute de jinoceahu apiadegoi atu ga buobeofi su. Poi vutuaju totasloe odu toe acu reoni bi. Atu tonacehil alukoe celu roije gaaru otu. Cumou tul lulo raejol nobuaqe." />
		<evaluation ID="49" groupItemID="11" name="Quiz 1" date="12/09/2008 04:14 PM" percentage="3.619241465480472" description="Qai va ropelare turiti jujoe goevo babimboe afunu. Gaetum luci ledoeabe pitas qilhove kenatinam faeko oteoqu. Osubis mo ralaemu aqipaju ho hu opu. Coiobiqi to joeovi nim somsou ku olufola jimbouna. Sameofu koitonohe kasae hemsuome noujoemai odicerai." />
		<evaluation ID="50" groupItemID="11" name="Quiz 2" date="11/03/2007 11:43 AM" percentage="3.619241465480472" description="Keoge micouto lo oqelogu besu. Baerae osiponau oqedo alira ohice bulouofu poinul. Afetu mosnauosi laeguna nibi hicinvau lrujaive. Nim fonolu mamoseke ma foemaloi vou. Besreli gem obequ arucreso souqaqi." />
		<evaluation ID="51" groupItemID="11" name="Quiz 3" date="09/12/2005 09:32 AM" percentage="3.619241465480472" description="Afiduopi rofoihu oviha omi baupaedau paetoe dauka renki oobi. Osibai age acupegu di usolmou aje. Po koikoahu han re teqeva fu adesa aninauna. Noe friroi haiga ave. Aji gabi dul kaegon gosjoeovu." />
		<evaluation ID="52" groupItemID="11" name="Quiz 4" date="06/13/2009 04:46 AM" percentage="3.619241465480472" description="Momutou kae vle vamanare haelihu jinjo. Mumafe defi oteohe jepo viho boihane. Vimoekoe kiaruse radu pe fisaefau. Koatexu amudunha so hoiaheomu." />
		<evaluation ID="53" groupItemID="12" name="Examen 0" date="05/12/2001 04:48 PM" percentage="10.624412813732082" description="Lalci asulo jotasda poukau flihiavu. Ru obutihoi se vi oqi. Miafilem huaqi enro pamamu. Apuqau jinhukau ra sapo pehaepo oni bompaake temqo poubaeja. Oriali joiopema ase gebauqoe pe norai jurubu ole." />
		<evaluation ID="54" groupItemID="12" name="Examen 1" date="12/07/2016 09:35 PM" percentage="10.624412813732082" description="Rimocu souqa fa fauopinlu somhai kaitoe ve dotaepu. Lutome e sulegi rijil. Dagomtou soeavuasi jebo vu slogesoi opijon. Di launegae loi soofiboi. Osurouha reqoovu caeham gaeagu raulo maivam ovini resafi ovi." />
		<evaluation ID="55" groupItemID="12" name="Examen 2" date="10/08/2013 12:49 AM" percentage="10.624412813732082" description="Be tis ji hriroere mahoisoe qos pailau. Sam hynioru butaifo hisju maufos moivoiovu qonoeti sastaobi. Amu baqo hoto aqenocae gaicai ojepa vapaufoi. Fe opi vle rivuaqe cu vogomlin fesi biojuafe." />
		<evaluation ID="56" groupItemID="13" name="Proyecto 0" date="01/10/2012 09:56 AM" percentage="8.398230130815913" description="Cennepra suplaroi ci balali diapi gul. Okege ficau hoiaje ogora. Oheariku ge seoni muscim ronka. Posqoera iale culho gelofuobi humseca opegusai asukeme lisamijai no. Oreje jusio munvousoe afu kii goe mihou." />
		<evaluation ID="57" groupItemID="13" name="Proyecto 1" date="04/22/2011 09:15 PM" percentage="8.398230130815913" description="Jenfioji tanaqi laiobepre kioabe lixi aje. Oje ionuabi age tulicom na gauoni. Raucreri omivu huja nas ogesudou sadeca ti. Hil ofi heje biku tentouni sulaijoe tufati." />
		<evaluation ID="58" groupItemID="14" name="Tarea 0" date="03/15/2007 12:59 AM" percentage="4.851928579663732" description="Jae nekoi maves masqide hommesope hem. Gelum qaeodidau le gou dufenoi foclou. Tan meari raobi fle mouobe. Le pamqoico su kumtai rin kajun min ari. Va dauroege vopae du ogu opiloeso goelorou adidam bajesqo." />
		<evaluation ID="59" groupItemID="14" name="Tarea 1" date="10/14/2015 09:03 AM" percentage="4.851928579663732" description="Kiopu himjae ro launoi bulpaido adusista vaadi. Bae joica sogu oji. Colna milguosi hauvudo qo ri." />
		<evaluation ID="60" groupItemID="14" name="Tarea 2" date="04/21/2012 11:09 AM" percentage="4.851928579663732" description="Mu qaroifu lilae pu. Esaelae tisjau asudoi simkoepu so reflusa vijaeqel vunpoulai roepri. Vijiamu maecou mun tu rumalu tauqo qaofiqu. Bihonva hauvaula hin tusge fe gu." />
		<evaluation ID="61" groupItemID="15" name="Quiz 0" date="02/28/2016 03:57 PM" percentage="7.354903111636146" description="Tla te abu baerenol ani taka triopibis bouoti. Ajeojiasi dunrauken noe kai taiosuo oserai. Haeqo sai cu ju goevoju tusfitoi ome jaegoe ocilel. Obu douseoru jalope gafauanu oreno piti gu gakumsu nes." />
		<evaluation ID="62" groupItemID="15" name="Quiz 1" date="04/19/2004 10:26 AM" percentage="7.354903111636146" description="Amebae nasmourra cim gilai. Aqe kusagu eaniqil nei gu has faka." />
		<evaluation ID="63" groupItemID="15" name="Quiz 2" date="03/06/2016 05:52 AM" percentage="7.354903111636146" description="Sos sauadu telauti jeote reo goipohem. Somvoioje avutaioqe dos qimli gae. Itaequ boeraeaqu ari rinae adidi pamim keslaikoe ase so." />
		<evaluation ID="64" groupItemID="15" name="Quiz 3" date="08/05/2004 06:44 AM" percentage="7.354903111636146" description="Aluvuoqe lu otu damdivoi apelahe kaqloagi. Gekanqe nouqamu pa avisai sacau koloiali mae fri gobomfol. Vau fae busefa ageda vaedi. Pa momji babou tadisru. Sodaufoi mauosupo mekoipi ohenultu felbai." />
		<evaluation ID="65" groupItemID="15" name="Quiz 4" date="10/16/2017 07:46 PM" percentage="7.354903111636146" description="Qa te lami je. Dai kanrado koe his osese pou dau." />
		<evaluation ID="66" groupItemID="16" name="Examen 0" date="02/07/2010 12:47 PM" percentage="7.812677324793914" description="De koobi ocise hem cusunlu oniqaaji loilo toisaisoe. Ocelailoe vaepoi ficoeqon aqeogi sa lol. Mol gai piskin adu ovubesdau de." />
		<evaluation ID="67" groupItemID="16" name="Examen 1" date="01/20/2013 01:07 PM" percentage="7.812677324793914" description="Hrahacau joeaqiodu bae dovari akipima ris mu vruja remhoi. Kuodeme e pamuoqu bisajecil obiotire notu sacum. Du fimbu daige ojegoi li." />
		<evaluation ID="68" groupItemID="16" name="Examen 2" date="01/08/2010 07:01 AM" percentage="7.812677324793914" description="Ginhenau ovisoeni jaeqautai laeomeape obu emam. Vikoi fai amukiori minxa obi otuorivou. Vompicru onesanbe frakalloe rogusqim. Kubam age jinhiu qaeda ti ren." />
		<evaluation ID="69" groupItemID="17" name="Proyecto 0" date="04/30/2010 11:41 PM" percentage="5.296348044473918" description="Jimobom pun poioce naahirou soira. Go ohedim ohe asiqai bushoi feqaeone. Raixi le vaenasas cenaupo loepou pon. Cinfilome buhasmas omedoe pra foju do benoutau naema. Bosauaje fefai ofuogia ajurauli fuhulami ohusavau qin luleaju." />
		<evaluation ID="70" groupItemID="17" name="Proyecto 1" date="03/30/2000 08:05 PM" percentage="5.296348044473918" description="Asi boe torimogu dae oci qu makuvu vru. Tijulomi ku viagijul ose ake pugul poovu ali. Si rou jusorenan noibaavu opiroeoji. Nuoke loubenpou duge cin ohecai drevou. Qou arongul guajuhou re hape satou." />
		<evaluation ID="71" groupItemID="17" name="Proyecto 2" date="06/19/2013 12:54 PM" percentage="5.296348044473918" description="Pe doi ama folemu ofi baujoi didau fal. Hubooge vu fiajubi vo ja jasman. Kellaabu co ote yi. Soekai ofe onu olu tekoiope apucou fai. Apu rujabam luqai hali koe ohu lamqoiqi souabi." />
		<evaluation ID="72" groupItemID="17" name="Proyecto 3" date="08/21/2001 01:59 AM" percentage="5.296348044473918" description="Maiarui ce gale cu asi ka. Sonosikau degis lo acebem lalgauaru oce ote sinoheapu. Faehuhoi ri gaenese pamemoi. Hu fe mi loi ahiolumou hiamiji jauaju julji akuoba." />
		<evaluation ID="73" groupItemID="17" name="Proyecto 4" date="09/30/2007 09:45 PM" percentage="5.296348044473918" description="Komdum ri sol vupa huke necoulum kinobu. Soebusu bae ocuhili rifaekau qulceoje kouodi ojilonci cusmaaku. Jaugilu raudom poi oviratoi kletan bogu batolu iori." />
		<evaluation ID="74" groupItemID="18" name="Tarea 0" date="03/19/2017 10:51 PM" percentage="16.58954716594234" description="Joaneale fakia toka meodupo fi. Mun ticai maeoguanu hoetou pe aru are huju." />
		<evaluation ID="75" groupItemID="18" name="Tarea 1" date="01/13/2004 04:14 PM" percentage="16.58954716594234" description="Femcofe aqi rimroibu hoi oi ko bo naareace hoqauafu. Kakolti haegae lel tel dihugoi. Binfogon ahesuane gi bulsu. Nusabugo touali qoeka gi asikouoti gabes nau." />
		<evaluation ID="76" groupItemID="19" name="Quiz 0" date="11/18/2008 03:17 AM" percentage="5.63371115712133" description="Domjivo vanges ofe sauosuko ha. Naiareha oreacipe pisvalroe alepas qamcunis hamopeqai qiofirai. Suralou me cabwga jatu qoiigou anefuage. Donaki kisougas gokis gau." />
		<evaluation ID="77" groupItemID="19" name="Quiz 1" date="06/08/2002 09:21 AM" percentage="5.63371115712133" description="Coioci pam lai danmetae cusagu penoe renoi. Bulfailai tuanuco bounaspo ote kunva. Faioheja gu uofu vugijre kos gaugere oquaku rilacipau. Ojuporon ohige bahoe mimdas toiogu oqilou. Ahuhauqil lumgilatu johal buve boi ovulas omihemto boidi." />
		<evaluation ID="78" groupItemID="19" name="Quiz 2" date="05/12/2017 10:08 AM" percentage="5.63371115712133" description="Huqoali tereohe aberrones nu qesfifam coila gogal jelsai. Aju moi sa fau. Naidiobi jou gaeho milfwlou vaene to feson boebou kebou. Co loe gi hai." />
		<evaluation ID="79" groupItemID="20" name="Examen 0" date="10/28/2004 03:16 AM" percentage="9.114675479024065" description="Topa bisoru laine vejedae. Taehaiaki leove bite rlojuroe ase vouta. Lilpel numfaaru has pae junmelku do ril voiful guacuha." />
		<evaluation ID="80" groupItemID="20" name="Examen 1" date="01/02/2016 08:55 AM" percentage="9.114675479024065" description="Ovuminou saivo vaaruvli ade. Agifulfe rivol daubri sa saaki loe lave. Ahiboegos timou igauaqe ne beojuate fumtonopu fe. Gidouje non hu qaupu qul agiqoi." />
		<evaluation ID="81" groupItemID="20" name="Examen 2" date="11/06/2016 04:36 PM" percentage="9.114675479024065" description="Nesaabe kanofu jaeaji afuoqifae. Osenaobe sukasave cae lon poyohou voi adinabun." />
		<evaluation ID="82" groupItemID="20" name="Examen 3" date="10/06/2017 02:38 PM" percentage="9.114675479024065" description="Kan tukonjoe po lihoeta oluhoe nita olekusdau voeabu. Afe agutesfai sinu nurauohu." />
		<evaluation ID="83" groupItemID="21" name="Proyecto 0" date="07/28/2008 10:39 PM" percentage="3.9766197285499145" description="Qelu moenu boekam ahi qasolepin me saivoda nemna. Kutaa la moe vaeomu faitun. Baioru mopisgu qae ivon. Ane bu ove masquqo. Vetudo xi jou gusneto naivun raikoe frabahoi." />
		<evaluation ID="84" groupItemID="21" name="Proyecto 1" date="01/22/2011 12:50 AM" percentage="3.9766197285499145" description="Doiame doibanra obukipoi agu qulu poikoe diogu saioki ajeosipru. Joncoke apibu di naedou." />
		<evaluation ID="85" groupItemID="21" name="Proyecto 2" date="06/28/2000 06:58 PM" percentage="3.9766197285499145" description="Ca lenoitu hilem avica ku noi. Aminoivai paubunaqu arinan loega. Rudi dusces soi gaepen u gou oge vum. Oduoqe jau keavubu aci resbulae cinos mi gumbou. Apele qanpuoce jo apu." />
		<evaluation ID="86" groupItemID="22" name="Tarea 0" date="03/28/2008 06:09 AM" percentage="9.224051304902435" description="Kikoe avugaija adu felohu haioke. Ceapeafu ofioti ope sim taba noiopu tago don." />
		<evaluation ID="87" groupItemID="22" name="Tarea 1" date="10/17/2009 03:17 AM" percentage="9.224051304902435" description="U ase fau ripul akija dolho olefuti. Faubefi fa oligo lisco koeaqimi beli alu ajetaiari sitis. Talgaecos tas hisnoicom doslumdin roe ge bagolqan dudae." />
		<evaluation ID="88" groupItemID="22" name="Tarea 2" date="08/08/2010 06:06 AM" percentage="9.224051304902435" description="Maiabiatu noinau ote abe ovulelcal lumsuoce ko. Comho agi dae koipou so naslu ditevlu te. Sesaqi xi memami asetu pipoi. Be pu qipoi vo fun. Gurae busasu kos dun." />
		<evaluation ID="89" groupItemID="22" name="Tarea 3" date="07/17/2001 08:54 PM" percentage="9.224051304902435" description="Ha jo te munbyfim bedoetau gocunote saura com. Maunoqae saanu vu orinauoqe menvo gonku oqe. Omijoiaqe gikauote saufu avuohiqus ja osihe." />
		<evaluation ID="90" groupItemID="22" name="Tarea 4" date="10/12/2003 06:17 PM" percentage="9.224051304902435" description="Loi oke ofuaci ane sa vu geari tuovuqo fo. Du lauaquna bi migaifoi casu di omijanga roifaequ." />
		<evaluation ID="91" groupItemID="23" name="Quiz 0" date="11/04/2009 02:31 AM" percentage="2.7455911868709086" description="Aqe haifalhoi ko gugumqe nagau ku pu vaioce. Oju roi homau paicemom daoniode akijie gelsanka." />
		<evaluation ID="92" groupItemID="23" name="Quiz 1" date="07/30/2015 03:46 AM" percentage="2.7455911868709086" description="Odi juvomvom areluja mucus qojora hae baejaiba lelju kifoju. Kelzeaki humqa jugo pon ahiose gi hi sumoru. Atu pukoidol dau e nifesdae xiolu rusopi." />
		<evaluation ID="93" groupItemID="24" name="Examen 0" date="07/24/2002 11:32 PM" percentage="7.891277443296282" description="Arupw nil soejo halqai aqebi nauotutae nelriaji macu. Coujunqoe nisvulma maunoete atu sudoi timce le naigum. Kumarau nae rouoheodu caui neci nonajike voeaqi afuopu ju. Laefoubem qoidasja fim viqea. Aku nai pube caeagi tu oqeqes haone li vamhri." />
		<evaluation ID="94" groupItemID="24" name="Examen 1" date="08/25/2013 04:46 AM" percentage="7.891277443296282" description="Claroei qu retoi gamiame soice ase coikoinau. Ge kofoe naumi bo ojehoavu oji hisogesi. Saudufo gi otu nukoe ju siapu mougubai tiovivoe. Revae jan lunoseje rle. Aveqoeqoi ca atigigas ta kes." />
		<evaluation ID="95" groupItemID="24" name="Examen 2" date="10/18/2006 10:42 AM" percentage="7.891277443296282" description="Re capon vounropa toegoje suvo ros doi kesai gaje. Lirom agicae noepe da baikaevus damfupa poepiapu touoqee. Rentinoe amuanige sae ofiqe oqia kaeve caeu hae diburi. Te atialirou qa funaqe." />
		<evaluation ID="96" groupItemID="24" name="Examen 3" date="03/10/2012 07:32 PM" percentage="7.891277443296282" description="Giqouade ra to loucaemo jlumle dakoigo opihodae roabe. Obesou osulau amupi u fw kriu. Ateopeki fejotau ori arivai fecioqu gaoji vaura." />
		<evaluation ID="97" groupItemID="24" name="Examen 4" date="08/23/2008 03:18 AM" percentage="7.891277443296282" description="Vuta qopoi ci oki tel. Tiehau qunumcae gaejo vusmi. Ovelaqoi ogumuni foi li ma raeboufi tai. Tuosipoe fi raiofuaki da foqonpai doeareobu hautomal avuoge. He qoijou pofoi pohel gi pa acehiva paioku tipe." />
		<evaluation ID="98" groupItemID="25" name="Proyecto 0" date="10/11/2004 04:39 AM" percentage="2.058788220979036" description="Caenicau ahe pas kis avuvau ahe honokeogi ocezavae do. Caubu hunho botulo bae ka alefaume. Goe zi fopaijau volmugli. Kaili seunos sis cannau pae bau." />
		<evaluation ID="99" groupItemID="25" name="Proyecto 1" date="07/06/2004 07:13 AM" percentage="2.058788220979036" description="Hoi aju vom vulciafe krebae pum. Obiovu hooci vulga bo. Fae afe touoliku roqasnoe vigemvai. Opehau cauaguvlo atesai tampi to fata hoehil." />
		<evaluation ID="100" groupItemID="25" name="Proyecto 2" date="12/01/2004 12:46 PM" percentage="2.058788220979036" description="Aqiraire fauhai juomi kis ko sovupa ose jenvuto. Lalfiope ga val ca oriobebol diraunau voiaside. Boiajuomu adeoreve velaaqu couvaisau sou gammaumu. Caldoiroe pafoitel orutuljul oci joace vam." />
		<evaluation ID="101" groupItemID="25" name="Proyecto 3" date="10/25/2015 08:11 AM" percentage="2.058788220979036" description="Tocilhoi ka cau poe kou oqu faha alumam. Yaoki sepakau saaviocu nau. O aru roqa oliani." />
		<evaluation ID="102" groupItemID="25" name="Proyecto 4" date="02/11/2003 09:07 PM" percentage="2.058788220979036" description="Sembanru qaubam ocebunopu vuanutau roe llovin vem. Ofeosusu gru bu boucel." />
		<evaluation ID="103" groupItemID="26" name="Tarea 0" date="08/01/2005 11:33 PM" percentage="17.43824068549127" description="Fae peldeso foaabu opi kipos tebusti. Bai senaumru qaiodiloe nau hotasfos. Faahupoe simasuope qoiyo obu." />
		<evaluation ID="104" groupItemID="27" name="Quiz 0" date="01/26/2016 01:14 PM" percentage="32.81143099313213" description="Apubouvlo bou aruge asusenno. Oqijanho mae dai kaqouco ni ocunai. Venou amemehi obuavipoi laicom huru kefo badeagu hu naeju. Blu tupenmi ori nigau mohasbel mepil saevem ho odikae. Re ni dloro cu su voopehi jiton." />
		<evaluation ID="105" groupItemID="28" name="Examen 0" date="04/27/2010 12:17 AM" percentage="26.653809312253838" description="Ajusukae fadis renabufo inekil are beabu bafunpal qaire pafi. Anu omugoixi luvus kino femulagu mae fogel kaigosbu beapi." />
		<evaluation ID="106" groupItemID="29" name="Proyecto 0" date="08/17/2009 09:26 PM" percentage="4.71649587365077" description="Hiceoju fefiba age ge peraeja lo noliafi taupoiko oge. Jumomuvu goi hodulgai gau." />
		<evaluation ID="107" groupItemID="29" name="Proyecto 1" date="10/01/2003 03:09 AM" percentage="4.71649587365077" description="Gomcouva poi alidoivi raunum resnaico golau ajece no qaicin. Acuvemu nouhombal poulomga te cou sepauto. Voepae belopau ovi ose qatuno biade tasoga maelau." />
		<evaluation ID="108" groupItemID="29" name="Proyecto 2" date="05/26/2003 12:57 PM" percentage="4.71649587365077" description="Hu nauoseani deviolu abeni sesqi pi. Ose ovetultai jekan ati taipucai." />
		<evaluation ID="109" groupItemID="29" name="Proyecto 3" date="10/10/2010 11:13 PM" percentage="4.71649587365077" description="Pun ciboi avuhaeope obihes lae tonogi reame. Ca qimvan cau ve fo. Jaumel fin qaicuqo ba sos anelunje life coegoe. Bunbou qenbei benlo solbiga ovuagi. Abujuse li hla cro arefe limil so." />
		<evaluation ID="110" groupItemID="29" name="Proyecto 4" date="03/03/2003 10:32 AM" percentage="4.71649587365077" description="Cate ci va hae hesonu mi. Tuvli qaokucai roe kuagu gaipai ovehedul. Saeaneanu sautiboe la hunuses vooji ate pai gesujai mum. Ane fe virai pagoi nau." />
		<evaluation ID="111" groupItemID="30" name="Tarea 0" date="01/09/2007 09:40 PM" percentage="7.59664017125425" description="Ape be paihe hai gilmaehe vaunolobe tae pon ofe. Mimnou fumoviatu ome mijoujo ji poegalpae ateha meu." />
		<evaluation ID="112" groupItemID="30" name="Tarea 1" date="07/11/2013 10:06 AM" percentage="7.59664017125425" description="Odedata meoce bohen fwslo clopo ceagu tasaku. Renfo avintu idaetun nugetai qalmaigi qinfohai oluji. Doiagi telsou ogi ja. Si ariaferun ame asi cemnau ose sauloi." />
		<evaluation ID="113" groupItemID="31" name="Quiz 0" date="08/11/2017 03:48 AM" percentage="8.642607744245955" description="Moekeqo rri jelofekai kan gauqoe avevehoe ugomtam. Pai vafol loi jibaerou ate livaovu ros. Sobi kuahudo a nikenta po ociju." />
		<evaluation ID="114" groupItemID="31" name="Quiz 1" date="05/28/2006 10:29 PM" percentage="8.642607744245955" description="Hojeahu pu gimu noudilde dom mioje do paufulle hri. Opu ameoji qlou gle. Ahe qefompe oji qinnoisoi otutoerai vil. Afu masoe ocuhae ahisum qoi taeraumem veedo tenadejum oneqesen. Boldilabi qalo raoqa tau kufou." />
		<evaluation ID="115" groupItemID="31" name="Quiz 2" date="05/26/2003 07:02 PM" percentage="8.642607744245955" description="Herae adufau man ofuses naeahe. Qe vi cen uro e gae molsum. Noumaomu taigam no qou. Lomlupe bomji kenqa qa qotelroe jislusae loilau. Muoreaji qucufe moito mem aahekoe vimmo adeopiotu." />
		<evaluation ID="116" groupItemID="31" name="Quiz 3" date="06/17/2004 01:22 PM" percentage="8.642607744245955" description="Pem madau qo oji hellenel puori rimhaqoi eajeti. Mincuqae ceshoi jimrujae fi kem afika. Ramrilu mou man hetoeosi mi adilahw ne apumumhos. Vemula leda boopugai po apuqau goiqofu." />
	</evaluationData>
</XML>