<XML>
    <studentGroupData>
		<studentGroup ID="0" totalGrade="85.08537619869273" groupID="5" studentID="96" studentGroupStateID="4" />
		<studentGroup ID="1" totalGrade="77.83483650503312" groupID="6" studentID="22" studentGroupStateID="1" />
		<studentGroup ID="2" totalGrade="80.1518456302497" groupID="0" studentID="42" studentGroupStateID="4" />
		<studentGroup ID="3" totalGrade="57.628826877312356" groupID="7" studentID="64" studentGroupStateID="2" />
		<studentGroup ID="4" totalGrade="74.2843687340836" groupID="0" studentID="79" studentGroupStateID="2" />
		<studentGroup ID="5" totalGrade="81.92734733880425" groupID="6" studentID="51" studentGroupStateID="4" />
		<studentGroup ID="6" totalGrade="81.54164257348947" groupID="2" studentID="95" studentGroupStateID="1" />
		<studentGroup ID="7" totalGrade="77.93155854301023" groupID="2" studentID="42" studentGroupStateID="0" />
		<studentGroup ID="8" totalGrade="70.52821940807854" groupID="1" studentID="84" studentGroupStateID="1" />
		<studentGroup ID="9" totalGrade="81.05045541916607" groupID="3" studentID="56" studentGroupStateID="4" />
		<studentGroup ID="10" totalGrade="77.71223948422377" groupID="1" studentID="59" studentGroupStateID="1" />
		<studentGroup ID="11" totalGrade="72.86919541859753" groupID="0" studentID="34" studentGroupStateID="4" />
		<studentGroup ID="12" totalGrade="71.23139677896943" groupID="3" studentID="7" studentGroupStateID="4" />
		<studentGroup ID="13" totalGrade="77.02149008473106" groupID="4" studentID="49" studentGroupStateID="1" />
		<studentGroup ID="14" totalGrade="77.33933111536764" groupID="3" studentID="71" studentGroupStateID="4" />
		<studentGroup ID="15" totalGrade="72.25982111983295" groupID="3" studentID="15" studentGroupStateID="2" />
		<studentGroup ID="16" totalGrade="57.93813476521127" groupID="1" studentID="53" studentGroupStateID="0" />
		<studentGroup ID="17" totalGrade="76.96956530370996" groupID="4" studentID="11" studentGroupStateID="2" />
		<studentGroup ID="18" totalGrade="79.52572068543314" groupID="2" studentID="74" studentGroupStateID="4" />
		<studentGroup ID="19" totalGrade="83.74912950237352" groupID="6" studentID="70" studentGroupStateID="2" />
		<studentGroup ID="20" totalGrade="73.78965082392143" groupID="6" studentID="82" studentGroupStateID="1" />
		<studentGroup ID="21" totalGrade="73.62694722024325" groupID="0" studentID="9" studentGroupStateID="0" />
		<studentGroup ID="22" totalGrade="74.7155554568201" groupID="4" studentID="47" studentGroupStateID="0" />
		<studentGroup ID="23" totalGrade="77.72098376940393" groupID="5" studentID="47" studentGroupStateID="0" />
		<studentGroup ID="24" totalGrade="72.02660056137546" groupID="2" studentID="95" studentGroupStateID="2" />
		<studentGroup ID="25" totalGrade="75.03881122309808" groupID="3" studentID="41" studentGroupStateID="2" />
		<studentGroup ID="26" totalGrade="59.343653899610786" groupID="6" studentID="51" studentGroupStateID="4" />
		<studentGroup ID="27" totalGrade="71.60850646124314" groupID="1" studentID="42" studentGroupStateID="1" />
		<studentGroup ID="28" totalGrade="84.171638134007" groupID="0" studentID="88" studentGroupStateID="0" />
		<studentGroup ID="29" totalGrade="63.14730527750295" groupID="7" studentID="57" studentGroupStateID="2" />
		<studentGroup ID="30" totalGrade="87.38991049177525" groupID="4" studentID="21" studentGroupStateID="4" />
		<studentGroup ID="31" totalGrade="82.00075093334424" groupID="5" studentID="12" studentGroupStateID="4" />
		<studentGroup ID="32" totalGrade="73.36621346179975" groupID="3" studentID="6" studentGroupStateID="2" />
		<studentGroup ID="33" totalGrade="73.92070848264999" groupID="0" studentID="92" studentGroupStateID="4" />
		<studentGroup ID="34" totalGrade="69.88360037758311" groupID="2" studentID="78" studentGroupStateID="2" />
		<studentGroup ID="35" totalGrade="66.44234065532092" groupID="5" studentID="51" studentGroupStateID="2" />
		<studentGroup ID="36" totalGrade="74.88386733357846" groupID="5" studentID="96" studentGroupStateID="2" />
		<studentGroup ID="37" totalGrade="70.72860096826844" groupID="4" studentID="97" studentGroupStateID="1" />
		<studentGroup ID="38" totalGrade="68.62075813089864" groupID="6" studentID="3" studentGroupStateID="1" />
		<studentGroup ID="39" totalGrade="75.63332030336255" groupID="7" studentID="26" studentGroupStateID="2" />
		<studentGroup ID="40" totalGrade="81.52687480447018" groupID="1" studentID="77" studentGroupStateID="1" />
		<studentGroup ID="41" totalGrade="80.83473750306594" groupID="0" studentID="58" studentGroupStateID="1" />
		<studentGroup ID="42" totalGrade="81.76949313829311" groupID="3" studentID="74" studentGroupStateID="1" />
		<studentGroup ID="43" totalGrade="77.6433247966855" groupID="7" studentID="73" studentGroupStateID="1" />
		<studentGroup ID="44" totalGrade="65.82809647999902" groupID="4" studentID="27" studentGroupStateID="1" />
		<studentGroup ID="45" totalGrade="79.1770676499521" groupID="5" studentID="86" studentGroupStateID="1" />
		<studentGroup ID="46" totalGrade="80.42174478258796" groupID="1" studentID="57" studentGroupStateID="4" />
		<studentGroup ID="47" totalGrade="72.99389459526385" groupID="2" studentID="94" studentGroupStateID="0" />
		<studentGroup ID="48" totalGrade="64.56555913258546" groupID="2" studentID="4" studentGroupStateID="1" />
		<studentGroup ID="49" totalGrade="74.93789031865174" groupID="0" studentID="33" studentGroupStateID="0" />
		<studentGroup ID="50" totalGrade="82.70129432434149" groupID="7" studentID="88" studentGroupStateID="0" />
		<studentGroup ID="51" totalGrade="82.23461065083283" groupID="7" studentID="2" studentGroupStateID="0" />
		<studentGroup ID="52" totalGrade="63.89342169257846" groupID="0" studentID="42" studentGroupStateID="0" />
		<studentGroup ID="53" totalGrade="74.0065927453082" groupID="7" studentID="30" studentGroupStateID="1" />
		<studentGroup ID="54" totalGrade="84.98020584844677" groupID="0" studentID="70" studentGroupStateID="0" />
		<studentGroup ID="55" totalGrade="61.888861666683745" groupID="6" studentID="80" studentGroupStateID="2" />
		<studentGroup ID="56" totalGrade="67.16536238786286" groupID="5" studentID="18" studentGroupStateID="1" />
		<studentGroup ID="57" totalGrade="78.43791365490239" groupID="6" studentID="91" studentGroupStateID="4" />
		<studentGroup ID="58" totalGrade="71.25136673513212" groupID="6" studentID="72" studentGroupStateID="4" />
		<studentGroup ID="59" totalGrade="72.6432155512293" groupID="2" studentID="25" studentGroupStateID="4" />
		<studentGroup ID="60" totalGrade="73.16963540633378" groupID="0" studentID="47" studentGroupStateID="4" />
		<studentGroup ID="61" totalGrade="71.0693473329037" groupID="0" studentID="7" studentGroupStateID="1" />
		<studentGroup ID="62" totalGrade="81.9572065623814" groupID="2" studentID="53" studentGroupStateID="4" />
		<studentGroup ID="63" totalGrade="61.38928358159575" groupID="1" studentID="26" studentGroupStateID="4" />
		<studentGroup ID="64" totalGrade="72.12651337235795" groupID="6" studentID="58" studentGroupStateID="4" />
		<studentGroup ID="65" totalGrade="68.40435902903297" groupID="5" studentID="20" studentGroupStateID="1" />
		<studentGroup ID="66" totalGrade="74.41810230695552" groupID="3" studentID="92" studentGroupStateID="4" />
		<studentGroup ID="67" totalGrade="88.70635752299873" groupID="0" studentID="98" studentGroupStateID="0" />
		<studentGroup ID="68" totalGrade="64.01175815612613" groupID="2" studentID="51" studentGroupStateID="0" />
		<studentGroup ID="69" totalGrade="69.72475618137801" groupID="3" studentID="93" studentGroupStateID="1" />
		<studentGroup ID="70" totalGrade="89.35277991514258" groupID="6" studentID="37" studentGroupStateID="4" />
		<studentGroup ID="71" totalGrade="87.53398359062793" groupID="7" studentID="15" studentGroupStateID="0" />
		<studentGroup ID="72" totalGrade="83.08825127566277" groupID="6" studentID="86" studentGroupStateID="2" />
		<studentGroup ID="73" totalGrade="89.40104830317449" groupID="6" studentID="94" studentGroupStateID="0" />
		<studentGroup ID="74" totalGrade="78.63590571959458" groupID="3" studentID="7" studentGroupStateID="4" />
		<studentGroup ID="75" totalGrade="66.29071489873535" groupID="1" studentID="45" studentGroupStateID="4" />
		<studentGroup ID="76" totalGrade="79.06414066759976" groupID="7" studentID="89" studentGroupStateID="1" />
		<studentGroup ID="77" totalGrade="74.01668478054283" groupID="4" studentID="0" studentGroupStateID="4" />
		<studentGroup ID="78" totalGrade="75.50578582194503" groupID="3" studentID="77" studentGroupStateID="2" />
		<studentGroup ID="79" totalGrade="82.35149856163237" groupID="1" studentID="67" studentGroupStateID="0" />
		<studentGroup ID="80" totalGrade="78.95083238049685" groupID="1" studentID="37" studentGroupStateID="2" />
		<studentGroup ID="81" totalGrade="90.76025351741292" groupID="6" studentID="18" studentGroupStateID="1" />
		<studentGroup ID="82" totalGrade="72.91781200632147" groupID="3" studentID="95" studentGroupStateID="1" />
		<studentGroup ID="83" totalGrade="71.04952511117072" groupID="2" studentID="51" studentGroupStateID="0" />
		<studentGroup ID="84" totalGrade="85.2169003780274" groupID="4" studentID="35" studentGroupStateID="1" />
		<studentGroup ID="85" totalGrade="73.9986257922214" groupID="5" studentID="66" studentGroupStateID="0" />
		<studentGroup ID="86" totalGrade="76.85201266074688" groupID="5" studentID="71" studentGroupStateID="0" />
		<studentGroup ID="87" totalGrade="70.69611765091405" groupID="2" studentID="55" studentGroupStateID="1" />
		<studentGroup ID="88" totalGrade="81.22744909790292" groupID="0" studentID="79" studentGroupStateID="1" />
		<studentGroup ID="89" totalGrade="80.78738381817016" groupID="3" studentID="49" studentGroupStateID="4" />
		<studentGroup ID="90" totalGrade="72.16593748641971" groupID="2" studentID="90" studentGroupStateID="0" />
		<studentGroup ID="91" totalGrade="71.7562683037265" groupID="5" studentID="72" studentGroupStateID="2" />
		<studentGroup ID="92" totalGrade="73.89123921941224" groupID="4" studentID="15" studentGroupStateID="0" />
		<studentGroup ID="93" totalGrade="56.893150055369475" groupID="3" studentID="35" studentGroupStateID="2" />
		<studentGroup ID="94" totalGrade="86.01372381889165" groupID="1" studentID="95" studentGroupStateID="4" />
		<studentGroup ID="95" totalGrade="82.61466216056972" groupID="3" studentID="27" studentGroupStateID="4" />
		<studentGroup ID="96" totalGrade="87.52683400519115" groupID="4" studentID="97" studentGroupStateID="1" />
		<studentGroup ID="97" totalGrade="63.54250222055065" groupID="6" studentID="23" studentGroupStateID="4" />
		<studentGroup ID="98" totalGrade="77.35296365925333" groupID="3" studentID="74" studentGroupStateID="2" />
		<studentGroup ID="99" totalGrade="75.38874516378952" groupID="3" studentID="15" studentGroupStateID="2" />
		<studentGroup ID="100" totalGrade="79.67659827735054" groupID="2" studentID="19" studentGroupStateID="2" />
		<studentGroup ID="101" totalGrade="59.148726104436314" groupID="5" studentID="63" studentGroupStateID="4" />
		<studentGroup ID="102" totalGrade="82.48538012132076" groupID="6" studentID="68" studentGroupStateID="4" />
		<studentGroup ID="103" totalGrade="89.4876861287526" groupID="5" studentID="74" studentGroupStateID="2" />
		<studentGroup ID="104" totalGrade="79.57115022259296" groupID="1" studentID="4" studentGroupStateID="2" />
		<studentGroup ID="105" totalGrade="74.76747719067657" groupID="1" studentID="12" studentGroupStateID="1" />
		<studentGroup ID="106" totalGrade="87.06414159602261" groupID="0" studentID="96" studentGroupStateID="1" />
		<studentGroup ID="107" totalGrade="83.09632825734808" groupID="7" studentID="99" studentGroupStateID="0" />
		<studentGroup ID="108" totalGrade="78.86998068954946" groupID="3" studentID="31" studentGroupStateID="4" />
		<studentGroup ID="109" totalGrade="83.63115166047865" groupID="6" studentID="51" studentGroupStateID="0" />
		<studentGroup ID="110" totalGrade="84.38450935987746" groupID="7" studentID="97" studentGroupStateID="0" />
		<studentGroup ID="111" totalGrade="79.45441746343785" groupID="7" studentID="59" studentGroupStateID="2" />
		<studentGroup ID="112" totalGrade="57.23746632651198" groupID="6" studentID="5" studentGroupStateID="4" />
		<studentGroup ID="113" totalGrade="86.74874944879201" groupID="5" studentID="31" studentGroupStateID="2" />
		<studentGroup ID="114" totalGrade="71.60305214719787" groupID="1" studentID="65" studentGroupStateID="2" />
		<studentGroup ID="115" totalGrade="83.89901044126144" groupID="1" studentID="86" studentGroupStateID="4" />
		<studentGroup ID="116" totalGrade="73.50165942475967" groupID="6" studentID="75" studentGroupStateID="2" />
		<studentGroup ID="117" totalGrade="69.02710265059605" groupID="3" studentID="81" studentGroupStateID="1" />
		<studentGroup ID="118" totalGrade="89.13759350893355" groupID="6" studentID="38" studentGroupStateID="2" />
		<studentGroup ID="119" totalGrade="83.90452099385121" groupID="3" studentID="74" studentGroupStateID="4" />
		<studentGroup ID="120" totalGrade="75.60919767404236" groupID="5" studentID="55" studentGroupStateID="0" />
		<studentGroup ID="121" totalGrade="79.25229738927362" groupID="5" studentID="8" studentGroupStateID="1" />
		<studentGroup ID="122" totalGrade="68.97980002501107" groupID="0" studentID="2" studentGroupStateID="4" />
		<studentGroup ID="123" totalGrade="67.69203110943951" groupID="5" studentID="1" studentGroupStateID="4" />
		<studentGroup ID="124" totalGrade="81.91709521326513" groupID="7" studentID="85" studentGroupStateID="2" />
		<studentGroup ID="125" totalGrade="72.7858943974158" groupID="2" studentID="31" studentGroupStateID="2" />
		<studentGroup ID="126" totalGrade="59.98280013663628" groupID="6" studentID="53" studentGroupStateID="1" />
		<studentGroup ID="127" totalGrade="71.07229216573306" groupID="7" studentID="44" studentGroupStateID="0" />
		<studentGroup ID="128" totalGrade="75.15850266435493" groupID="3" studentID="13" studentGroupStateID="2" />
		<studentGroup ID="129" totalGrade="82.37609546905041" groupID="5" studentID="36" studentGroupStateID="4" />
		<studentGroup ID="130" totalGrade="75.6752072532331" groupID="0" studentID="30" studentGroupStateID="1" />
		<studentGroup ID="131" totalGrade="81.37553407001897" groupID="7" studentID="20" studentGroupStateID="1" />
		<studentGroup ID="132" totalGrade="84.43628691664783" groupID="3" studentID="52" studentGroupStateID="1" />
		<studentGroup ID="133" totalGrade="88.35607188720583" groupID="3" studentID="3" studentGroupStateID="4" />
		<studentGroup ID="134" totalGrade="71.426041619366" groupID="7" studentID="12" studentGroupStateID="4" />
		<studentGroup ID="135" totalGrade="88.80722128401962" groupID="6" studentID="26" studentGroupStateID="0" />
		<studentGroup ID="136" totalGrade="72.03152613538587" groupID="7" studentID="13" studentGroupStateID="0" />
		<studentGroup ID="137" totalGrade="83.79102889459837" groupID="1" studentID="0" studentGroupStateID="1" />
		<studentGroup ID="138" totalGrade="91.82699129404085" groupID="6" studentID="36" studentGroupStateID="2" />
		<studentGroup ID="139" totalGrade="91.12339513379204" groupID="3" studentID="53" studentGroupStateID="4" />
		<studentGroup ID="140" totalGrade="76.67255254150847" groupID="3" studentID="73" studentGroupStateID="0" />
		<studentGroup ID="141" totalGrade="80.93056251909466" groupID="3" studentID="69" studentGroupStateID="4" />
		<studentGroup ID="142" totalGrade="86.83043580808311" groupID="6" studentID="11" studentGroupStateID="4" />
		<studentGroup ID="143" totalGrade="66.29794644675266" groupID="0" studentID="92" studentGroupStateID="0" />
		<studentGroup ID="144" totalGrade="82.80463226613142" groupID="5" studentID="78" studentGroupStateID="4" />
		<studentGroup ID="145" totalGrade="69.17771081600475" groupID="6" studentID="95" studentGroupStateID="0" />
		<studentGroup ID="146" totalGrade="83.65035134169536" groupID="4" studentID="45" studentGroupStateID="4" />
		<studentGroup ID="147" totalGrade="75.70815570828285" groupID="0" studentID="68" studentGroupStateID="2" />
		<studentGroup ID="148" totalGrade="69.81816971689628" groupID="4" studentID="48" studentGroupStateID="2" />
		<studentGroup ID="149" totalGrade="80.41836404186034" groupID="6" studentID="86" studentGroupStateID="1" />
		<studentGroup ID="150" totalGrade="70.7009267724356" groupID="0" studentID="12" studentGroupStateID="2" />
		<studentGroup ID="151" totalGrade="86.55203498645544" groupID="5" studentID="16" studentGroupStateID="1" />
		<studentGroup ID="152" totalGrade="88.5021348044429" groupID="1" studentID="69" studentGroupStateID="2" />
		<studentGroup ID="153" totalGrade="70.01579165116341" groupID="5" studentID="31" studentGroupStateID="0" />
		<studentGroup ID="154" totalGrade="76.24405289014659" groupID="0" studentID="46" studentGroupStateID="4" />
		<studentGroup ID="155" totalGrade="81.30043360482082" groupID="3" studentID="81" studentGroupStateID="1" />
		<studentGroup ID="156" totalGrade="66.16445011614103" groupID="5" studentID="44" studentGroupStateID="0" />
		<studentGroup ID="157" totalGrade="70.43561193665234" groupID="6" studentID="92" studentGroupStateID="2" />
		<studentGroup ID="158" totalGrade="55.927464066093705" groupID="6" studentID="48" studentGroupStateID="4" />
		<studentGroup ID="159" totalGrade="86.37369583584704" groupID="1" studentID="12" studentGroupStateID="0" />
		<studentGroup ID="160" totalGrade="80.45999672413706" groupID="5" studentID="75" studentGroupStateID="0" />
		<studentGroup ID="161" totalGrade="88.12970135363781" groupID="1" studentID="6" studentGroupStateID="2" />
		<studentGroup ID="162" totalGrade="80.86404206222082" groupID="3" studentID="72" studentGroupStateID="2" />
		<studentGroup ID="163" totalGrade="73.69151758205274" groupID="0" studentID="59" studentGroupStateID="2" />
		<studentGroup ID="164" totalGrade="69.44495871520196" groupID="4" studentID="23" studentGroupStateID="2" />
		<studentGroup ID="165" totalGrade="70.59454221277329" groupID="4" studentID="33" studentGroupStateID="0" />
		<studentGroup ID="166" totalGrade="77.07552541329048" groupID="0" studentID="31" studentGroupStateID="1" />
		<studentGroup ID="167" totalGrade="74.32897596295587" groupID="2" studentID="21" studentGroupStateID="4" />
		<studentGroup ID="168" totalGrade="74.82522460756601" groupID="0" studentID="17" studentGroupStateID="4" />
		<studentGroup ID="169" totalGrade="92.72574331028434" groupID="5" studentID="40" studentGroupStateID="4" />
		<studentGroup ID="170" totalGrade="71.55270903007508" groupID="4" studentID="32" studentGroupStateID="2" />
		<studentGroup ID="171" totalGrade="75.57243608985257" groupID="5" studentID="52" studentGroupStateID="4" />
		<studentGroup ID="172" totalGrade="79.86080267273773" groupID="0" studentID="81" studentGroupStateID="0" />
		<studentGroup ID="173" totalGrade="63.35509067634868" groupID="6" studentID="46" studentGroupStateID="0" />
		<studentGroup ID="174" totalGrade="79.71920659969818" groupID="5" studentID="50" studentGroupStateID="0" />
		<studentGroup ID="175" totalGrade="69.51335321663703" groupID="1" studentID="82" studentGroupStateID="0" />
		<studentGroup ID="176" totalGrade="59.36491173328933" groupID="5" studentID="3" studentGroupStateID="2" />
		<studentGroup ID="177" totalGrade="80.55436873943485" groupID="3" studentID="18" studentGroupStateID="0" />
		<studentGroup ID="178" totalGrade="88.20677515272641" groupID="4" studentID="69" studentGroupStateID="4" />
		<studentGroup ID="179" totalGrade="89.90001640984362" groupID="5" studentID="44" studentGroupStateID="2" />
		<studentGroup ID="180" totalGrade="74.71771294918928" groupID="0" studentID="27" studentGroupStateID="0" />
		<studentGroup ID="181" totalGrade="75.23183200618479" groupID="4" studentID="57" studentGroupStateID="0" />
		<studentGroup ID="182" totalGrade="74.55303984543914" groupID="2" studentID="25" studentGroupStateID="2" />
		<studentGroup ID="183" totalGrade="73.32405200864281" groupID="1" studentID="61" studentGroupStateID="1" />
		<studentGroup ID="184" totalGrade="88.61253428160676" groupID="4" studentID="25" studentGroupStateID="1" />
		<studentGroup ID="185" totalGrade="70.97028300402407" groupID="7" studentID="24" studentGroupStateID="1" />
		<studentGroup ID="186" totalGrade="68.64119781719488" groupID="6" studentID="81" studentGroupStateID="0" />
		<studentGroup ID="187" totalGrade="85.34106214310015" groupID="1" studentID="92" studentGroupStateID="1" />
		<studentGroup ID="188" totalGrade="75.10176877188427" groupID="5" studentID="95" studentGroupStateID="0" />
		<studentGroup ID="189" totalGrade="72.67237955043481" groupID="0" studentID="86" studentGroupStateID="1" />
		<studentGroup ID="190" totalGrade="69.55061225699365" groupID="6" studentID="90" studentGroupStateID="2" />
		<studentGroup ID="191" totalGrade="77.6598259904734" groupID="7" studentID="41" studentGroupStateID="4" />
		<studentGroup ID="192" totalGrade="79.83220001162093" groupID="4" studentID="42" studentGroupStateID="2" />
		<studentGroup ID="193" totalGrade="81.02806313690212" groupID="7" studentID="3" studentGroupStateID="1" />
		<studentGroup ID="194" totalGrade="68.21695799850542" groupID="6" studentID="40" studentGroupStateID="2" />
		<studentGroup ID="195" totalGrade="64.66761473115157" groupID="3" studentID="37" studentGroupStateID="1" />
		<studentGroup ID="196" totalGrade="85.89721214218903" groupID="1" studentID="37" studentGroupStateID="1" />
		<studentGroup ID="197" totalGrade="79.84284692106617" groupID="7" studentID="6" studentGroupStateID="1" />
		<studentGroup ID="198" totalGrade="92.61297430362634" groupID="6" studentID="61" studentGroupStateID="0" />
		<studentGroup ID="199" totalGrade="75.14389687432667" groupID="5" studentID="55" studentGroupStateID="0" />
		<studentGroup ID="200" totalGrade="71.31437799435972" groupID="0" studentID="17" studentGroupStateID="2" />
		<studentGroup ID="201" totalGrade="75.0557449743208" groupID="5" studentID="93" studentGroupStateID="1" />
		<studentGroup ID="202" totalGrade="71.17336358344322" groupID="3" studentID="53" studentGroupStateID="1" />
		<studentGroup ID="203" totalGrade="83.73682847920107" groupID="7" studentID="97" studentGroupStateID="1" />
		<studentGroup ID="204" totalGrade="85.4324344097422" groupID="1" studentID="17" studentGroupStateID="1" />
		<studentGroup ID="205" totalGrade="69.85341808572656" groupID="4" studentID="85" studentGroupStateID="4" />
		<studentGroup ID="206" totalGrade="79.99911568791948" groupID="7" studentID="74" studentGroupStateID="2" />
		<studentGroup ID="207" totalGrade="70.65665791848595" groupID="3" studentID="26" studentGroupStateID="1" />
		<studentGroup ID="208" totalGrade="79.89707725840817" groupID="4" studentID="28" studentGroupStateID="1" />
		<studentGroup ID="209" totalGrade="74.34099442827403" groupID="0" studentID="65" studentGroupStateID="0" />
		<studentGroup ID="210" totalGrade="87.69095994121177" groupID="2" studentID="47" studentGroupStateID="2" />
		<studentGroup ID="211" totalGrade="79.57931755775427" groupID="2" studentID="66" studentGroupStateID="1" />
		<studentGroup ID="212" totalGrade="76.68200369659192" groupID="3" studentID="13" studentGroupStateID="2" />
		<studentGroup ID="213" totalGrade="83.6768703409474" groupID="6" studentID="93" studentGroupStateID="1" />
		<studentGroup ID="214" totalGrade="80.99781593856454" groupID="0" studentID="50" studentGroupStateID="0" />
		<studentGroup ID="215" totalGrade="77.60344994872064" groupID="1" studentID="18" studentGroupStateID="0" />
		<studentGroup ID="216" totalGrade="75.29049753433023" groupID="1" studentID="96" studentGroupStateID="0" />
		<studentGroup ID="217" totalGrade="76.3432464357502" groupID="5" studentID="8" studentGroupStateID="1" />
		<studentGroup ID="218" totalGrade="70.91364164938581" groupID="2" studentID="58" studentGroupStateID="0" />
		<studentGroup ID="219" totalGrade="67.54847476769487" groupID="0" studentID="22" studentGroupStateID="0" />
		<studentGroup ID="220" totalGrade="69.16511537405036" groupID="6" studentID="50" studentGroupStateID="4" />
		<studentGroup ID="221" totalGrade="87.86502581803859" groupID="6" studentID="50" studentGroupStateID="4" />
		<studentGroup ID="222" totalGrade="63.97957694054958" groupID="6" studentID="96" studentGroupStateID="0" />
		<studentGroup ID="223" totalGrade="71.93899639649857" groupID="6" studentID="56" studentGroupStateID="2" />
		<studentGroup ID="224" totalGrade="72.22068692501884" groupID="6" studentID="47" studentGroupStateID="2" />
		<studentGroup ID="225" totalGrade="70.9844955940921" groupID="2" studentID="43" studentGroupStateID="0" />
		<studentGroup ID="226" totalGrade="73.13340068073536" groupID="5" studentID="32" studentGroupStateID="0" />
		<studentGroup ID="227" totalGrade="80.88483976277517" groupID="4" studentID="27" studentGroupStateID="1" />
		<studentGroup ID="228" totalGrade="66.26460258502037" groupID="0" studentID="3" studentGroupStateID="4" />
		<studentGroup ID="229" totalGrade="72.64908106006106" groupID="6" studentID="8" studentGroupStateID="4" />
		<studentGroup ID="230" totalGrade="79.17579543683007" groupID="2" studentID="37" studentGroupStateID="1" />
		<studentGroup ID="231" totalGrade="79.14365098124877" groupID="3" studentID="64" studentGroupStateID="1" />
		<studentGroup ID="232" totalGrade="85.03016701089584" groupID="0" studentID="73" studentGroupStateID="4" />
		<studentGroup ID="233" totalGrade="88.45956478889543" groupID="5" studentID="1" studentGroupStateID="1" />
		<studentGroup ID="234" totalGrade="71.32063154252963" groupID="5" studentID="33" studentGroupStateID="2" />
		<studentGroup ID="235" totalGrade="75.2398276357646" groupID="1" studentID="69" studentGroupStateID="4" />
		<studentGroup ID="236" totalGrade="77.27802244684055" groupID="2" studentID="6" studentGroupStateID="0" />
		<studentGroup ID="237" totalGrade="66.14510946169634" groupID="7" studentID="53" studentGroupStateID="4" />
		<studentGroup ID="238" totalGrade="65.1514592631217" groupID="2" studentID="93" studentGroupStateID="1" />
		<studentGroup ID="239" totalGrade="87.30707466216307" groupID="0" studentID="2" studentGroupStateID="2" />
		<studentGroup ID="240" totalGrade="65.56065609795353" groupID="5" studentID="30" studentGroupStateID="4" />
		<studentGroup ID="241" totalGrade="80.47307710721424" groupID="0" studentID="26" studentGroupStateID="4" />
		<studentGroup ID="242" totalGrade="74.80851697459678" groupID="2" studentID="69" studentGroupStateID="0" />
		<studentGroup ID="243" totalGrade="90.78476078246555" groupID="6" studentID="74" studentGroupStateID="4" />
		<studentGroup ID="244" totalGrade="80.9002920394723" groupID="6" studentID="80" studentGroupStateID="1" />
		<studentGroup ID="245" totalGrade="62.62499839361174" groupID="1" studentID="15" studentGroupStateID="0" />
		<studentGroup ID="246" totalGrade="72.81740566652417" groupID="3" studentID="60" studentGroupStateID="0" />
		<studentGroup ID="247" totalGrade="64.28354652504183" groupID="7" studentID="45" studentGroupStateID="0" />
		<studentGroup ID="248" totalGrade="60.32589916808695" groupID="2" studentID="1" studentGroupStateID="0" />
		<studentGroup ID="249" totalGrade="76.79055653601388" groupID="1" studentID="78" studentGroupStateID="4" />
		<studentGroup ID="250" totalGrade="85.51515074010103" groupID="3" studentID="15" studentGroupStateID="0" />
		<studentGroup ID="251" totalGrade="69.3443423457009" groupID="0" studentID="76" studentGroupStateID="2" />
		<studentGroup ID="252" totalGrade="86.28821321492192" groupID="3" studentID="38" studentGroupStateID="1" />
		<studentGroup ID="253" totalGrade="85.03580057785103" groupID="0" studentID="85" studentGroupStateID="1" />
		<studentGroup ID="254" totalGrade="80.76919977167381" groupID="6" studentID="18" studentGroupStateID="2" />
		<studentGroup ID="255" totalGrade="72.41287746262851" groupID="2" studentID="43" studentGroupStateID="1" />
		<studentGroup ID="256" totalGrade="69.62163990228862" groupID="1" studentID="32" studentGroupStateID="1" />
		<studentGroup ID="257" totalGrade="77.35836811971308" groupID="2" studentID="54" studentGroupStateID="4" />
		<studentGroup ID="258" totalGrade="82.10715592046957" groupID="5" studentID="99" studentGroupStateID="1" />
		<studentGroup ID="259" totalGrade="81.27083517015674" groupID="5" studentID="47" studentGroupStateID="0" />
		<studentGroup ID="260" totalGrade="90.50304526113345" groupID="6" studentID="69" studentGroupStateID="0" />
		<studentGroup ID="261" totalGrade="71.48314156103902" groupID="4" studentID="67" studentGroupStateID="0" />
		<studentGroup ID="262" totalGrade="74.66063873421949" groupID="0" studentID="96" studentGroupStateID="4" />
		<studentGroup ID="263" totalGrade="60.339922078588096" groupID="1" studentID="60" studentGroupStateID="1" />
		<studentGroup ID="264" totalGrade="88.71361765267993" groupID="0" studentID="90" studentGroupStateID="2" />
		<studentGroup ID="265" totalGrade="74.23262946449134" groupID="7" studentID="24" studentGroupStateID="0" />
		<studentGroup ID="266" totalGrade="75.303306025115" groupID="1" studentID="65" studentGroupStateID="0" />
		<studentGroup ID="267" totalGrade="79.98605434986399" groupID="7" studentID="32" studentGroupStateID="4" />
		<studentGroup ID="268" totalGrade="76.4439894791621" groupID="3" studentID="7" studentGroupStateID="1" />
		<studentGroup ID="269" totalGrade="92.3308830845825" groupID="6" studentID="64" studentGroupStateID="2" />
		<studentGroup ID="270" totalGrade="66.35998904018119" groupID="5" studentID="72" studentGroupStateID="2" />
		<studentGroup ID="271" totalGrade="84.17135310793492" groupID="1" studentID="26" studentGroupStateID="1" />
		<studentGroup ID="272" totalGrade="89.31499187606914" groupID="1" studentID="65" studentGroupStateID="4" />
		<studentGroup ID="273" totalGrade="78.17898562962756" groupID="3" studentID="18" studentGroupStateID="4" />
		<studentGroup ID="274" totalGrade="73.49480215557702" groupID="6" studentID="92" studentGroupStateID="1" />
		<studentGroup ID="275" totalGrade="71.37132784291242" groupID="3" studentID="77" studentGroupStateID="0" />
		<studentGroup ID="276" totalGrade="77.31257470977874" groupID="4" studentID="17" studentGroupStateID="1" />
		<studentGroup ID="277" totalGrade="58.25483081443902" groupID="1" studentID="86" studentGroupStateID="0" />
		<studentGroup ID="278" totalGrade="81.38330379526997" groupID="4" studentID="6" studentGroupStateID="0" />
		<studentGroup ID="279" totalGrade="74.5899148319979" groupID="5" studentID="64" studentGroupStateID="4" />
		<studentGroup ID="280" totalGrade="85.36264738575137" groupID="7" studentID="51" studentGroupStateID="1" />
		<studentGroup ID="281" totalGrade="67.85132113519491" groupID="5" studentID="36" studentGroupStateID="0" />
		<studentGroup ID="282" totalGrade="84.07284630697805" groupID="3" studentID="14" studentGroupStateID="4" />
		<studentGroup ID="283" totalGrade="75.95007807283046" groupID="7" studentID="6" studentGroupStateID="0" />
		<studentGroup ID="284" totalGrade="62.9140827639605" groupID="3" studentID="99" studentGroupStateID="1" />
		<studentGroup ID="285" totalGrade="67.50390614640577" groupID="7" studentID="69" studentGroupStateID="1" />
		<studentGroup ID="286" totalGrade="55.077684499546024" groupID="7" studentID="92" studentGroupStateID="2" />
		<studentGroup ID="287" totalGrade="75.91551409555618" groupID="0" studentID="71" studentGroupStateID="4" />
		<studentGroup ID="288" totalGrade="80.14054714281912" groupID="3" studentID="10" studentGroupStateID="0" />
		<studentGroup ID="289" totalGrade="83.37280297289979" groupID="1" studentID="93" studentGroupStateID="1" />
		<studentGroup ID="290" totalGrade="72.10899125269103" groupID="0" studentID="79" studentGroupStateID="0" />
		<studentGroup ID="291" totalGrade="84.07459632913464" groupID="1" studentID="63" studentGroupStateID="0" />
		<studentGroup ID="292" totalGrade="74.16350508421532" groupID="0" studentID="21" studentGroupStateID="0" />
		<studentGroup ID="293" totalGrade="83.74216286955539" groupID="2" studentID="63" studentGroupStateID="4" />
		<studentGroup ID="294" totalGrade="75.07728964325578" groupID="2" studentID="67" studentGroupStateID="0" />
		<studentGroup ID="295" totalGrade="80.40656634854169" groupID="7" studentID="62" studentGroupStateID="4" />
		<studentGroup ID="296" totalGrade="70.95861005634848" groupID="4" studentID="41" studentGroupStateID="4" />
		<studentGroup ID="297" totalGrade="74.87073064501054" groupID="5" studentID="0" studentGroupStateID="1" />
		<studentGroup ID="298" totalGrade="74.85719686185871" groupID="7" studentID="78" studentGroupStateID="0" />
		<studentGroup ID="299" totalGrade="84.10645329580412" groupID="5" studentID="16" studentGroupStateID="4" />
		<studentGroup ID="300" totalGrade="93.63922883979863" groupID="3" studentID="4" studentGroupStateID="2" />
		<studentGroup ID="301" totalGrade="69.66589002732823" groupID="3" studentID="23" studentGroupStateID="0" />
		<studentGroup ID="302" totalGrade="81.68338910233773" groupID="4" studentID="36" studentGroupStateID="4" />
		<studentGroup ID="303" totalGrade="67.44550107779878" groupID="3" studentID="1" studentGroupStateID="1" />
		<studentGroup ID="304" totalGrade="70.54618292517091" groupID="4" studentID="76" studentGroupStateID="1" />
		<studentGroup ID="305" totalGrade="75.44699474163971" groupID="0" studentID="73" studentGroupStateID="2" />
		<studentGroup ID="306" totalGrade="82.10217076259978" groupID="5" studentID="38" studentGroupStateID="4" />
		<studentGroup ID="307" totalGrade="72.58300215940585" groupID="2" studentID="64" studentGroupStateID="4" />
		<studentGroup ID="308" totalGrade="82.10850236208546" groupID="7" studentID="24" studentGroupStateID="1" />
		<studentGroup ID="309" totalGrade="69.20515440307788" groupID="2" studentID="59" studentGroupStateID="0" />
		<studentGroup ID="310" totalGrade="89.22217539104757" groupID="5" studentID="96" studentGroupStateID="2" />
		<studentGroup ID="311" totalGrade="83.84186212799369" groupID="3" studentID="88" studentGroupStateID="1" />
		<studentGroup ID="312" totalGrade="77.48694921981776" groupID="6" studentID="42" studentGroupStateID="2" />
		<studentGroup ID="313" totalGrade="68.84618646745484" groupID="3" studentID="64" studentGroupStateID="1" />
		<studentGroup ID="314" totalGrade="66.45145965512569" groupID="7" studentID="72" studentGroupStateID="1" />
		<studentGroup ID="315" totalGrade="79.32365041357315" groupID="3" studentID="23" studentGroupStateID="0" />
		<studentGroup ID="316" totalGrade="79.9380401156743" groupID="3" studentID="65" studentGroupStateID="1" />
		<studentGroup ID="317" totalGrade="69.88634125297862" groupID="1" studentID="40" studentGroupStateID="2" />
		<studentGroup ID="318" totalGrade="73.07109937192959" groupID="0" studentID="65" studentGroupStateID="1" />
		<studentGroup ID="319" totalGrade="75.18735535699876" groupID="7" studentID="64" studentGroupStateID="4" />
		<studentGroup ID="320" totalGrade="67.0523651811379" groupID="2" studentID="33" studentGroupStateID="1" />
		<studentGroup ID="321" totalGrade="81.1226123526873" groupID="3" studentID="97" studentGroupStateID="0" />
		<studentGroup ID="322" totalGrade="63.01718801411515" groupID="6" studentID="37" studentGroupStateID="4" />
		<studentGroup ID="323" totalGrade="81.66529729926043" groupID="0" studentID="81" studentGroupStateID="1" />
		<studentGroup ID="324" totalGrade="92.42748288093797" groupID="4" studentID="93" studentGroupStateID="0" />
		<studentGroup ID="325" totalGrade="79.28755902246247" groupID="3" studentID="72" studentGroupStateID="0" />
		<studentGroup ID="326" totalGrade="64.76046344609324" groupID="7" studentID="52" studentGroupStateID="4" />
		<studentGroup ID="327" totalGrade="74.22734178389526" groupID="7" studentID="76" studentGroupStateID="4" />
		<studentGroup ID="328" totalGrade="85.67608326009608" groupID="1" studentID="1" studentGroupStateID="1" />
		<studentGroup ID="329" totalGrade="86.83604054566345" groupID="0" studentID="76" studentGroupStateID="1" />
		<studentGroup ID="330" totalGrade="80.17582135336038" groupID="6" studentID="95" studentGroupStateID="2" />
		<studentGroup ID="331" totalGrade="91.35978051296095" groupID="6" studentID="98" studentGroupStateID="1" />
		<studentGroup ID="332" totalGrade="61.57328613459379" groupID="1" studentID="58" studentGroupStateID="2" />
		<studentGroup ID="333" totalGrade="72.74796116029059" groupID="5" studentID="9" studentGroupStateID="1" />
		<studentGroup ID="334" totalGrade="87.89514675320152" groupID="6" studentID="21" studentGroupStateID="0" />
		<studentGroup ID="335" totalGrade="74.05669350762042" groupID="6" studentID="72" studentGroupStateID="4" />
		<studentGroup ID="336" totalGrade="64.49948768382195" groupID="7" studentID="24" studentGroupStateID="4" />
		<studentGroup ID="337" totalGrade="79.22622939907626" groupID="5" studentID="46" studentGroupStateID="0" />
		<studentGroup ID="338" totalGrade="83.34111611410634" groupID="6" studentID="81" studentGroupStateID="2" />
		<studentGroup ID="339" totalGrade="74.61550443299791" groupID="1" studentID="58" studentGroupStateID="1" />
		<studentGroup ID="340" totalGrade="83.56541667158186" groupID="0" studentID="23" studentGroupStateID="2" />
		<studentGroup ID="341" totalGrade="76.6690294579031" groupID="5" studentID="95" studentGroupStateID="0" />
		<studentGroup ID="342" totalGrade="76.92641705738293" groupID="1" studentID="92" studentGroupStateID="2" />
		<studentGroup ID="343" totalGrade="83.69553310063162" groupID="6" studentID="56" studentGroupStateID="1" />
		<studentGroup ID="344" totalGrade="78.2176762807358" groupID="3" studentID="88" studentGroupStateID="4" />
		<studentGroup ID="345" totalGrade="70.74224421450569" groupID="2" studentID="56" studentGroupStateID="0" />
		<studentGroup ID="346" totalGrade="83.79710367618556" groupID="5" studentID="87" studentGroupStateID="0" />
		<studentGroup ID="347" totalGrade="84.03788639369121" groupID="1" studentID="21" studentGroupStateID="4" />
		<studentGroup ID="348" totalGrade="73.79701706044443" groupID="7" studentID="94" studentGroupStateID="2" />
		<studentGroup ID="349" totalGrade="56.1226215957401" groupID="6" studentID="93" studentGroupStateID="4" />
		<studentGroup ID="350" totalGrade="65.0718603772704" groupID="2" studentID="30" studentGroupStateID="2" />
		<studentGroup ID="351" totalGrade="76.01098922015723" groupID="3" studentID="26" studentGroupStateID="2" />
		<studentGroup ID="352" totalGrade="65.39168909711395" groupID="0" studentID="29" studentGroupStateID="1" />
		<studentGroup ID="353" totalGrade="64.7871086659055" groupID="3" studentID="13" studentGroupStateID="2" />
		<studentGroup ID="354" totalGrade="72.7828885736178" groupID="0" studentID="25" studentGroupStateID="4" />
		<studentGroup ID="355" totalGrade="86.47669567772867" groupID="4" studentID="96" studentGroupStateID="1" />
		<studentGroup ID="356" totalGrade="86.22515266341057" groupID="5" studentID="54" studentGroupStateID="1" />
		<studentGroup ID="357" totalGrade="68.0404539664584" groupID="4" studentID="37" studentGroupStateID="1" />
		<studentGroup ID="358" totalGrade="70.04298648577634" groupID="0" studentID="68" studentGroupStateID="1" />
		<studentGroup ID="359" totalGrade="71.2046997111967" groupID="0" studentID="15" studentGroupStateID="4" />
		<studentGroup ID="360" totalGrade="71.27283222893627" groupID="6" studentID="25" studentGroupStateID="4" />
		<studentGroup ID="361" totalGrade="82.80546537800998" groupID="7" studentID="32" studentGroupStateID="1" />
		<studentGroup ID="362" totalGrade="71.53555473918678" groupID="5" studentID="72" studentGroupStateID="4" />
		<studentGroup ID="363" totalGrade="69.36784484179434" groupID="4" studentID="82" studentGroupStateID="1" />
		<studentGroup ID="364" totalGrade="82.37477575791618" groupID="5" studentID="34" studentGroupStateID="2" />
		<studentGroup ID="365" totalGrade="67.33152903027465" groupID="0" studentID="30" studentGroupStateID="2" />
		<studentGroup ID="366" totalGrade="74.13376620464805" groupID="0" studentID="99" studentGroupStateID="4" />
		<studentGroup ID="367" totalGrade="70.58347556128268" groupID="2" studentID="96" studentGroupStateID="2" />
		<studentGroup ID="368" totalGrade="90.402970731998" groupID="3" studentID="41" studentGroupStateID="1" />
		<studentGroup ID="369" totalGrade="74.7318321104841" groupID="2" studentID="79" studentGroupStateID="1" />
		<studentGroup ID="370" totalGrade="82.01911318219842" groupID="4" studentID="53" studentGroupStateID="4" />
		<studentGroup ID="371" totalGrade="80.57323262835233" groupID="3" studentID="45" studentGroupStateID="4" />
		<studentGroup ID="372" totalGrade="72.96391560850518" groupID="1" studentID="79" studentGroupStateID="1" />
		<studentGroup ID="373" totalGrade="80.04300979372422" groupID="1" studentID="44" studentGroupStateID="0" />
		<studentGroup ID="374" totalGrade="73.49751259458039" groupID="5" studentID="56" studentGroupStateID="0" />
		<studentGroup ID="375" totalGrade="77.19155007074978" groupID="0" studentID="30" studentGroupStateID="0" />
		<studentGroup ID="376" totalGrade="74.4816029634908" groupID="1" studentID="69" studentGroupStateID="0" />
		<studentGroup ID="377" totalGrade="77.07412990549432" groupID="7" studentID="87" studentGroupStateID="4" />
		<studentGroup ID="378" totalGrade="75.23473734418593" groupID="6" studentID="63" studentGroupStateID="0" />
		<studentGroup ID="379" totalGrade="71.07203339336273" groupID="0" studentID="36" studentGroupStateID="1" />
		<studentGroup ID="380" totalGrade="87.35016130853367" groupID="6" studentID="76" studentGroupStateID="1" />
		<studentGroup ID="381" totalGrade="73.3022706372602" groupID="3" studentID="75" studentGroupStateID="0" />
		<studentGroup ID="382" totalGrade="80.39863338380482" groupID="5" studentID="68" studentGroupStateID="4" />
		<studentGroup ID="383" totalGrade="88.61760159467653" groupID="6" studentID="3" studentGroupStateID="4" />
		<studentGroup ID="384" totalGrade="71.64630857550698" groupID="2" studentID="80" studentGroupStateID="2" />
		<studentGroup ID="385" totalGrade="80.92394162549238" groupID="6" studentID="16" studentGroupStateID="2" />
		<studentGroup ID="386" totalGrade="77.44271564168942" groupID="6" studentID="73" studentGroupStateID="1" />
		<studentGroup ID="387" totalGrade="89.1033861011972" groupID="3" studentID="68" studentGroupStateID="4" />
		<studentGroup ID="388" totalGrade="63.859645547749615" groupID="3" studentID="87" studentGroupStateID="4" />
		<studentGroup ID="389" totalGrade="82.11204688447505" groupID="7" studentID="39" studentGroupStateID="0" />
		<studentGroup ID="390" totalGrade="78.28080903206528" groupID="1" studentID="64" studentGroupStateID="1" />
		<studentGroup ID="391" totalGrade="79.99551724929852" groupID="3" studentID="33" studentGroupStateID="4" />
		<studentGroup ID="392" totalGrade="82.6017830150604" groupID="5" studentID="38" studentGroupStateID="1" />
		<studentGroup ID="393" totalGrade="87.48921635680102" groupID="5" studentID="71" studentGroupStateID="0" />
		<studentGroup ID="394" totalGrade="85.97782285043486" groupID="7" studentID="83" studentGroupStateID="0" />
		<studentGroup ID="395" totalGrade="82.0947512325766" groupID="0" studentID="92" studentGroupStateID="0" />
		<studentGroup ID="396" totalGrade="89.84402953929953" groupID="1" studentID="58" studentGroupStateID="0" />
		<studentGroup ID="397" totalGrade="85.04171730742404" groupID="6" studentID="96" studentGroupStateID="0" />
		<studentGroup ID="398" totalGrade="77.77946687009415" groupID="1" studentID="47" studentGroupStateID="0" />
		<studentGroup ID="399" totalGrade="77.29018314149036" groupID="4" studentID="66" studentGroupStateID="4" />
	</studentGroupData>
</XML>