<XML>
<studentData>
		<student ID="0" name="Moebiqoi" lastName="Odijougilkice" email="MoebiqoiOdijougilkice90@gmail.com" carnet="2016506538" phone="55091364" />
		<student ID="1" name="Koitun" lastName="Veogenoldu" email="KoitunVeogenoldu86@ronul.fo" carnet="2017431351" phone="80876535" />
		<student ID="2" name="Rupo" lastName="Boitaiafi" email="RupoBoitaiafi67@ic-itcr.ac.cr" carnet="2017059548" phone="27371323" />
		<student ID="3" name="Rankel" lastName="Akigapoehaeohi" email="RankelAkigapoehaeohi96@hotmail.com" carnet="2015324259" phone="78934987" />
		<student ID="4" name="Qaokuna" lastName="Coirauvidoso" email="QaokunaCoirauvidoso92@ks.pm" carnet="2015608245" phone="29842266" />
		<student ID="5" name="Anuati" lastName="Ogesoerira" email="AnuatiOgesoerira79@ks.pm" carnet="2016982248" phone="54662396" />
		<student ID="6" name="Posras" lastName="Nouatusemgu" email="PosrasNouatusemgu59@ks.pm" carnet="2015953500" phone="87300933" />
		<student ID="7" name="Ajuta" lastName="Kaivehoe" email="AjutaKaivehoe70@hotmail.com" carnet="2017020327" phone="54899385" />
		<student ID="8" name="Jegy" lastName="Oquosipumcossoe" email="JegyOquosipumcossoe87@ks.pm" carnet="2016527391" phone="83317246" />
		<student ID="9" name="Alijoe" lastName="Hondigoe" email="AlijoeHondigoe89@ronul.fo" carnet="2015399388" phone="50857676" />
		<student ID="10" name="Famakijou" lastName="Reaniareogu" email="FamakijouReaniareogu81@edger.ik" carnet="2016286507" phone="68713119" />
		<student ID="11" name="Nesaqu" lastName="Gouosenapauaje" email="NesaquGouosenapauaje72@edger.ik" carnet="2016575055" phone="75500581" />
		<student ID="12" name="Qaifi" lastName="Losjusousujau" email="QaifiLosjusousujau63@ic-itcr.ac.cr" carnet="2015035746" phone="86005555" />
		<student ID="13" name="Oceoju" lastName="Nikupaifede" email="OceojuNikupaifede98@ks.pm" carnet="2016154092" phone="72626777" />
		<student ID="14" name="Geocu" lastName="Cemhogoiha" email="GeocuCemhogoiha78@gmail.com" carnet="2016582700" phone="74650702" />
		<student ID="15" name="Cesgau" lastName="Ociavuovu" email="CesgauOciavuovu65@ic-itcr.ac.cr" carnet="2017339809" phone="23324728" />
		<student ID="16" name="Haulafu" lastName="Oqijunomna" email="HaulafuOqijunomna90@gmail.com" carnet="2015619090" phone="42414477" />
		<student ID="17" name="Lease" lastName="Necihosrai" email="LeaseNecihosrai59@ronul.fo" carnet="2016528615" phone="46899161" />
		<student ID="18" name="Kixaagi" lastName="Qemkelpu" email="KixaagiQemkelpu66@ic-itcr.ac.cr" carnet="2016827935" phone="43005707" />
		<student ID="19" name="Taco" lastName="Boinudo" email="TacoBoinudo97@ronul.fo" carnet="2015414903" phone="53926404" />
		<student ID="20" name="Jivu" lastName="Daecemote" email="JivuDaecemote83@ks.pm" carnet="2017833862" phone="55944988" />
		<student ID="21" name="Nesrulin" lastName="Qishigosloifa" email="NesrulinQishigosloifa58@ks.pm" carnet="2016388568" phone="34048086" />
		<student ID="22" name="Huvunin" lastName="Vikakau" email="HuvuninVikakau93@ks.pm" carnet="2015947327" phone="84301305" />
		<student ID="23" name="Pani" lastName="Taipaucisanu" email="PaniTaipaucisanu65@ic-itcr.ac.cr" carnet="2015059034" phone="48011924" />
		<student ID="24" name="Loiga" lastName="Soeqajae" email="LoigaSoeqajae83@hotmail.com" carnet="2015603805" phone="24521525" />
		<student ID="25" name="Ategoe" lastName="Hemoicute" email="AtegoeHemoicute66@gmail.com" carnet="2016760319" phone="22432484" />
		<student ID="26" name="Raurolrau" lastName="Rojesre" email="RaurolrauRojesre94@ronul.fo" carnet="2015991264" phone="46144534" />
		<student ID="27" name="Amuoqijim" lastName="Hoeqismasfauaji" email="AmuoqijimHoeqismasfauaji90@hotmail.com" carnet="2015826185" phone="65130774" />
		<student ID="28" name="Nohe" lastName="Ginauarevolahu" email="NoheGinauarevolahu94@ks.pm" carnet="2016015589" phone="33393057" />
		<student ID="29" name="Daari" lastName="Basulopusebam" email="DaariBasulopusebam94@ks.pm" carnet="2016753356" phone="29762496" />
		<student ID="30" name="Lunociu" lastName="Keatifomofe" email="LunociuKeatifomofe92@gmail.com" carnet="2015411281" phone="57039155" />
		<student ID="31" name="Toiate" lastName="Mequajejajo" email="ToiateMequajejajo98@edger.ik" carnet="2015984170" phone="67794036" />
		<student ID="32" name="Oviodu" lastName="Qusrelles" email="OvioduQusrelles55@edger.ik" carnet="2016144548" phone="53188919" />
		<student ID="33" name="Qaubou" lastName="Amiqabe" email="QaubouAmiqabe56@ic-itcr.ac.cr" carnet="2017567357" phone="58368443" />
		<student ID="34" name="Tluoticel" lastName="Vunubinkoucu" email="TluoticelVunubinkoucu89@gmail.com" carnet="2016606693" phone="47343665" />
		<student ID="35" name="Liye" lastName="Faekiva" email="LiyeFaekiva76@ks.pm" carnet="2016047039" phone="38424334" />
		<student ID="36" name="Agubin" lastName="Kiciadi" email="AgubinKiciadi64@hotmail.com" carnet="2015781767" phone="66415218" />
		<student ID="37" name="Fulohecil" lastName="Dugalenae" email="FulohecilDugalenae77@ronul.fo" carnet="2015173169" phone="35050758" />
		<student ID="38" name="Naitau" lastName="Rinkauamiodeba" email="NaitauRinkauamiodeba64@hotmail.com" carnet="2017514284" phone="61359886" />
		<student ID="39" name="Rauvai" lastName="Qusisberaure" email="RauvaiQusisberaure84@gmail.com" carnet="2015242004" phone="36469782" />
		<student ID="40" name="Koiki" lastName="Belgaivulole" email="KoikiBelgaivulole79@ks.pm" carnet="2017721134" phone="51095991" />
		<student ID="41" name="Poikun" lastName="Hilsai" email="PoikunHilsai95@ks.pm" carnet="2017636858" phone="84555904" />
		<student ID="42" name="Popouali" lastName="Saufaejosqoode" email="PopoualiSaufaejosqoode85@ic-itcr.ac.cr" carnet="2015644963" phone="60934418" />
		<student ID="43" name="Neli" lastName="Cosmenogenie" email="NeliCosmenogenie73@ks.pm" carnet="2015498620" phone="50926520" />
		<student ID="44" name="Tulpis" lastName="Ahunufaujomo" email="TulpisAhunufaujomo57@ic-itcr.ac.cr" carnet="2017869517" phone="32988267" />
		<student ID="45" name="Pupiaci" lastName="Cedajoilai" email="PupiaciCedajoilai86@ic-itcr.ac.cr" carnet="2015220689" phone="80002960" />
		<student ID="46" name="Javainoi" lastName="Afesoeja" email="JavainoiAfesoeja91@ic-itcr.ac.cr" carnet="2017752499" phone="33864859" />
		<student ID="47" name="Golus" lastName="Bemfinma" email="GolusBemfinma86@ronul.fo" carnet="2016466585" phone="73606859" />
		<student ID="48" name="Loiomifa" lastName="Faigasare" email="LoiomifaFaigasare99@ks.pm" carnet="2015659158" phone="34165666" />
		<student ID="49" name="Lesanivon" lastName="Dautuapebi" email="LesanivonDautuapebi69@edger.ik" carnet="2016342006" phone="30790002" />
		<student ID="50" name="Gumkoi" lastName="Joraugredahal" email="GumkoiJoraugredahal99@edger.ik" carnet="2017770754" phone="39229357" />
		<student ID="51" name="Vovi" lastName="Bugoenel" email="VoviBugoenel75@edger.ik" carnet="2016465868" phone="75530488" />
		<student ID="52" name="Johaico" lastName="Ageqilim" email="JohaicoAgeqilim74@ks.pm" carnet="2015249848" phone="74639940" />
		<student ID="53" name="Kece" lastName="Sunjisoeateori" email="KeceSunjisoeateori85@ks.pm" carnet="2016268878" phone="60434136" />
		<student ID="54" name="Sivoumoi" lastName="Guoosigus" email="SivoumoiGuoosigus99@gmail.com" carnet="2017517437" phone="36066543" />
		<student ID="55" name="Obe" lastName="Debalcae" email="ObeDebalcae89@edger.ik" carnet="2017519840" phone="37206639" />
		<student ID="56" name="Qisol" lastName="Louledi" email="QisolLouledi90@edger.ik" carnet="2015056711" phone="80665024" />
		<student ID="57" name="Zohaefi" lastName="Mupomasiqaupla" email="ZohaefiMupomasiqaupla69@ic-itcr.ac.cr" carnet="2016431329" phone="77990491" />
		<student ID="58" name="Cuoteyo" lastName="Jaluva" email="CuoteyoJaluva84@edger.ik" carnet="2017413331" phone="37634549" />
		<student ID="59" name="Batoegam" lastName="Zuanucenonapi" email="BatoegamZuanucenonapi86@ronul.fo" carnet="2016912620" phone="24813923" />
		<student ID="60" name="Pipa" lastName="Tanorudaumu" email="PipaTanorudaumu87@ic-itcr.ac.cr" carnet="2015879171" phone="79280634" />
		<student ID="61" name="Bisavu" lastName="Dundalnoja" email="BisavuDundalnoja99@edger.ik" carnet="2017194571" phone="61538846" />
		<student ID="62" name="Mukonvi" lastName="Teotibenosol" email="MukonviTeotibenosol58@ronul.fo" carnet="2016021850" phone="61555064" />
		<student ID="63" name="Vavae" lastName="Oduakuduocipe" email="VavaeOduakuduocipe78@gmail.com" carnet="2016198826" phone="66431237" />
		<student ID="64" name="Bautasa" lastName="Pacaeqo" email="BautasaPacaeqo80@hotmail.com" carnet="2015014506" phone="51906854" />
		<student ID="65" name="Rosapise" lastName="Adurunae" email="RosapiseAdurunae84@ronul.fo" carnet="2015556739" phone="36245555" />
		<student ID="66" name="Qaeje" lastName="Zekode" email="QaejeZekode70@gmail.com" carnet="2017531560" phone="24589901" />
		<student ID="67" name="Noikim" lastName="Kunnodimllo" email="NoikimKunnodimllo60@ic-itcr.ac.cr" carnet="2016048390" phone="29120073" />
		<student ID="68" name="Oqikim" lastName="Vobahudu" email="OqikimVobahudu92@ic-itcr.ac.cr" carnet="2017499232" phone="81392138" />
		<student ID="69" name="Fesro" lastName="Qaetaja" email="FesroQaetaja72@hotmail.com" carnet="2017300150" phone="23038130" />
		<student ID="70" name="Mumpesae" lastName="Daulise" email="MumpesaeDaulise60@ronul.fo" carnet="2015155492" phone="28694482" />
		<student ID="71" name="Adihin" lastName="Goilirrakouboe" email="AdihinGoilirrakouboe68@hotmail.com" carnet="2016882448" phone="38034985" />
		<student ID="72" name="Noupul" lastName="Rebemoleokilo" email="NoupulRebemoleokilo87@ronul.fo" carnet="2017408171" phone="47042541" />
		<student ID="73" name="Pifikem" lastName="Fijrupicilfos" email="PifikemFijrupicilfos87@hotmail.com" carnet="2015506714" phone="74328804" />
		<student ID="74" name="Coibes" lastName="Kuvamahi" email="CoibesKuvamahi87@ronul.fo" carnet="2015351142" phone="28790704" />
		<student ID="75" name="Agebi" lastName="Samrenul" email="AgebiSamrenul97@edger.ik" carnet="2017362190" phone="26928691" />
		<student ID="76" name="Vihai" lastName="Remdelhufes" email="VihaiRemdelhufes62@ronul.fo" carnet="2016929842" phone="73005710" />
		<student ID="77" name="Foehoihe" lastName="Sumafira" email="FoehoiheSumafira55@edger.ik" carnet="2015292798" phone="79155683" />
		<student ID="78" name="Foiosi" lastName="Qamcaeloedoju" email="FoiosiQamcaeloedoju63@edger.ik" carnet="2017392272" phone="35111639" />
		<student ID="79" name="Ojanben" lastName="Nirofodu" email="OjanbenNirofodu61@ks.pm" carnet="2016732008" phone="31308895" />
		<student ID="80" name="Ofubuko" lastName="Vifuabu" email="OfubukoVifuabu74@ronul.fo" carnet="2017665342" phone="79657788" />
		<student ID="81" name="Gaisefu" lastName="Noeaveslo" email="GaisefuNoeaveslo58@hotmail.com" carnet="2015549787" phone="79670770" />
		<student ID="82" name="Bavoi" lastName="Qeoatike" email="BavoiQeoatike75@ronul.fo" carnet="2016151628" phone="60529070" />
		<student ID="83" name="Akubim" lastName="Qealiatuomuvae" email="AkubimQealiatuomuvae72@ks.pm" carnet="2017647609" phone="24864958" />
		<student ID="84" name="Tamorumau" lastName="Hoahiqin" email="TamorumauHoahiqin94@ic-itcr.ac.cr" carnet="2017563851" phone="82708833" />
		<student ID="85" name="Agere" lastName="Lififen" email="AgereLififen84@gmail.com" carnet="2017772717" phone="78495883" />
		<student ID="86" name="Doedamqoe" lastName="Vroqani" email="DoedamqoeVroqani86@ks.pm" carnet="2017559257" phone="54457096" />
		<student ID="87" name="Culavu" lastName="Ojirefemaebon" email="CulavuOjirefemaebon60@hotmail.com" carnet="2015671911" phone="53991712" />
		<student ID="88" name="Qimjoeci" lastName="Hasnanohime" email="QimjoeciHasnanohime82@gmail.com" carnet="2015277133" phone="23332969" />
		<student ID="89" name="Bouoti" lastName="Retaitauove" email="BouotiRetaitauove91@ks.pm" carnet="2017398579" phone="30401953" />
		<student ID="90" name="Afibusapu" lastName="Fegulbeskom" email="AfibusapuFegulbeskom58@ks.pm" carnet="2015608179" phone="38154499" />
		<student ID="91" name="Vocoemo" lastName="Vioseopehoiavu" email="VocoemoVioseopehoiavu63@gmail.com" carnet="2016156515" phone="38646864" />
		<student ID="92" name="Ofegau" lastName="Memciloi" email="OfegauMemciloi86@ronul.fo" carnet="2017208868" phone="44416631" />
		<student ID="93" name="Asisoi" lastName="Feliogi" email="AsisoiFeliogi65@ronul.fo" carnet="2016848952" phone="63130042" />
		<student ID="94" name="Poki" lastName="Qurekonbehu" email="PokiQurekonbehu65@ronul.fo" carnet="2016693183" phone="46419152" />
		<student ID="95" name="Fiamibre" lastName="Omihihailuncai" email="FiamibreOmihihailuncai91@ic-itcr.ac.cr" carnet="2017569847" phone="80568260" />
		<student ID="96" name="Efe" lastName="Baupaoli" email="EfeBaupaoli77@ronul.fo" carnet="2016581696" phone="23286153" />
		<student ID="97" name="Jonan" lastName="Hailoiyimaue" email="JonanHailoiyimaue88@gmail.com" carnet="2016733441" phone="59350386" />
		<student ID="98" name="Ojeake" lastName="Pisanitasoepi" email="OjeakePisanitasoepi91@ks.pm" carnet="2016108812" phone="39992553" />
		<student ID="99" name="Fihicou" lastName="Hoeheqenoica" email="FihicouHoeheqenoica74@ks.pm" carnet="2016092392" phone="38488146" />
	</studentData>
</XML>