<XML>
    <teacherData>
		<teacher ID="0" name="Koemesme" email="KoemesmeKolorulol71@yahoo.com" password="1632840925" />
		<teacher ID="1" name="Doedocoi" email="DoedocoiHinsimsi57@hotmail.com" password="6317831234" />
		<teacher ID="2" name="Kofomvi" email="KofomviOvugaehil76@yahoo.com" password="9808210833" />
		<teacher ID="3" name="Nativo" email="NativoXoloefoe58@hotmail.com" password="7397895370" />
		<teacher ID="4" name="Totoo" email="TotooGevologe64@yahoo.com" password="8276070344" />
		<teacher ID="5" name="Qafilae" email="QafilaeOviaqikus69@yahoo.com" password="6764657596" />
		<teacher ID="6" name="Souraupae" email="SouraupaeNalbiate60@hotmail.com" password="3565170303" />
		<teacher ID="7" name="Mohohu" email="MohohuPoikloe72@hotmail.com" password="7723058784" />
		<teacher ID="8" name="Rimoenau" email="RimoenauAqiobimem68@hotmail.com" password="5849692798" />
		<teacher ID="9" name="Hancotai" email="HancotaiHoekouofi69@hotmail.com" password="4285317229" />
	</teacherData>
</XML>